-- phpMyAdmin SQL Dump
-- version 4.0.10deb1
-- http://www.phpmyadmin.net
--
-- Host: localhost
-- Generation Time: Nov 17, 2014 at 08:43 AM
-- Server version: 5.5.40-0ubuntu0.14.04.1
-- PHP Version: 5.5.9-1ubuntu4.4

SET SQL_MODE = "NO_AUTO_VALUE_ON_ZERO";
SET time_zone = "+00:00";


/*!40101 SET @OLD_CHARACTER_SET_CLIENT=@@CHARACTER_SET_CLIENT */;
/*!40101 SET @OLD_CHARACTER_SET_RESULTS=@@CHARACTER_SET_RESULTS */;
/*!40101 SET @OLD_COLLATION_CONNECTION=@@COLLATION_CONNECTION */;
/*!40101 SET NAMES utf8 */;

--
-- Database: `wine_recommendation_system`
--

-- --------------------------------------------------------

--
-- Table structure for table `classification`
--

DROP TABLE IF EXISTS `classification`;
CREATE TABLE IF NOT EXISTS `classification` (
  `id` int(11) NOT NULL AUTO_INCREMENT,
  `name` varchar(50) COLLATE utf8_bin NOT NULL,
  PRIMARY KEY (`id`)
) ENGINE=InnoDB  DEFAULT CHARSET=utf8 COLLATE=utf8_bin AUTO_INCREMENT=10 ;

--
-- Dumping data for table `classification`
--

INSERT INTO `classification` (`id`, `name`) VALUES
(1, 'Stolní víno'),
(2, 'Jakostní víno'),
(3, 'Kabinetní víno'),
(4, 'Pozdní sběr'),
(5, 'Výběr z hroznů'),
(6, 'Výběr z bobulí'),
(7, 'Výběr z cibéb'),
(8, 'Ledové víno'),
(9, 'Slámové víno');

-- --------------------------------------------------------

--
-- Table structure for table `color`
--

DROP TABLE IF EXISTS `color`;
CREATE TABLE IF NOT EXISTS `color` (
  `id` int(11) NOT NULL AUTO_INCREMENT,
  `name` varchar(10) COLLATE utf8_bin NOT NULL,
  PRIMARY KEY (`id`)
) ENGINE=InnoDB  DEFAULT CHARSET=utf8 COLLATE=utf8_bin AUTO_INCREMENT=4 ;

--
-- Dumping data for table `color`
--

INSERT INTO `color` (`id`, `name`) VALUES
(1, 'bílé'),
(2, 'červené'),
(3, 'růžové');

-- --------------------------------------------------------

--
-- Table structure for table `type`
--

DROP TABLE IF EXISTS `type`;
CREATE TABLE IF NOT EXISTS `type` (
  `id` int(11) NOT NULL AUTO_INCREMENT,
  `name` varchar(50) COLLATE utf8_bin NOT NULL,
  PRIMARY KEY (`id`)
) ENGINE=InnoDB  DEFAULT CHARSET=utf8 COLLATE=utf8_bin AUTO_INCREMENT=5 ;

--
-- Dumping data for table `type`
--

INSERT INTO `type` (`id`, `name`) VALUES
(1, 'suché'),
(2, 'polosuché'),
(3, 'polosladké'),
(4, 'sladké');

-- --------------------------------------------------------

--
-- Table structure for table `users`
--

DROP TABLE IF EXISTS `users`;
CREATE TABLE IF NOT EXISTS `users` (
  `id` int(11) NOT NULL AUTO_INCREMENT,
  `username` varchar(255) CHARACTER SET latin1 NOT NULL,
  `password` varchar(255) CHARACTER SET latin1 NOT NULL,
  `role` varchar(255) CHARACTER SET latin1 NOT NULL,
  PRIMARY KEY (`id`)
) ENGINE=InnoDB DEFAULT CHARSET=utf8 COLLATE=utf8_bin AUTO_INCREMENT=1 ;

-- --------------------------------------------------------

--
-- Table structure for table `variety`
--

DROP TABLE IF EXISTS `variety`;
CREATE TABLE IF NOT EXISTS `variety` (
  `id` int(11) NOT NULL AUTO_INCREMENT,
  `name` varchar(255) COLLATE utf8_czech_ci NOT NULL,
  PRIMARY KEY (`id`)
) ENGINE=InnoDB  DEFAULT CHARSET=utf8 COLLATE=utf8_czech_ci AUTO_INCREMENT=29 ;

--
-- Dumping data for table `variety`
--

INSERT INTO `variety` (`id`, `name`) VALUES
(1, 'Agni'),
(2, 'Aurelius'),
(3, 'Chardonnay'),
(4, 'Hibernal'),
(5, 'Irsai Oliver'),
(6, 'Müller Thurgau'),
(7, 'Muškát moravský'),
(8, 'Neuburské'),
(9, 'Pálava'),
(10, 'Rulandské bílé'),
(11, 'Rulandské šedé'),
(12, 'Ryzlink rýnský'),
(13, 'Ryzlink vlašský'),
(14, 'Sauvignon'),
(15, 'Sylvánské zelené'),
(16, 'Tramín červený'),
(17, 'Veltlínské zelené'),
(18, 'André'),
(19, 'Cabernet Moravia'),
(20, 'Cabernet Sauvignon'),
(21, 'Dornfelder'),
(22, 'Frankovka'),
(23, 'Merlot'),
(24, 'Modrý Portugal'),
(25, 'Neronet'),
(26, 'Rulandské modré'),
(27, 'Svatovavřinecké'),
(28, 'Zweigeltrebe');

-- --------------------------------------------------------

--
-- Table structure for table `wine`
--

DROP TABLE IF EXISTS `wine`;
CREATE TABLE IF NOT EXISTS `wine` (
  `id` int(11) NOT NULL AUTO_INCREMENT,
  `name` varchar(255) COLLATE utf8_bin NOT NULL,
  `varietyId` int(11) NOT NULL,
  `colorId` int(11) NOT NULL,
  `classificationId` int(11) NOT NULL,
  `alcohol` float DEFAULT NULL,
  `sugar` float DEFAULT NULL,
  `acid` float DEFAULT NULL,
  `year` int(11) DEFAULT NULL,
  `town` varchar(255) COLLATE utf8_bin DEFAULT NULL,
  `region` varchar(255) COLLATE utf8_bin DEFAULT NULL,
  `country` varchar(255) COLLATE utf8_bin NOT NULL,
  PRIMARY KEY (`id`)
) ENGINE=InnoDB  DEFAULT CHARSET=utf8 COLLATE=utf8_bin AUTO_INCREMENT=460 ;

--
-- Dumping data for table `wine`
--

INSERT INTO `wine` (`id`, `name`, `varietyId`, `colorId`, `classificationId`, `alcohol`, `sugar`, `acid`, `year`, `town`, `region`, `country`) VALUES
(1, 'Agni, 2012, pozdní sběr, Bíza, 0,75l', 1, 1, 4, 12, 1, 5, 2012, 'Čejkovice', 'Morava', 'Česká republika'),
(2, 'Aurelius, 2009, výběr z hroznů, suché, Valihrach, 0,75l', 2, 1, 5, 12.5, NULL, NULL, 2009, 'Krumvíř', 'Morava', 'Česká republika'),
(3, 'Aurelius, 2012, pozdní sběr, polosuché, Ampelos, 0,75l', 2, 1, 4, 12.5, 13.9, 7.3, 2012, 'Vrbovec', 'Morava', 'Česká republika'),
(4, 'Chardonnay & Rulandské šedé barrique, 2011, pozdní sběr, suché, Sonberk, 0,75l', 3, 1, 4, 13, 1.1, 6.1, 2011, 'Popice', 'Morava', 'Česká republika'),
(5, 'Chardonnay barrique sur lie, 2011, Exclusive, výběr z hroznů, suché, Rajhradské Klášterní, 0,75l', 3, 1, 5, 14, 1.3, 5.6, 2011, 'Nové Bránice', 'Morava', 'Česká republika'),
(6, 'Chardonnay barrique, 2010, pozdní sběr, suché, Gotberg, 0,75l', 3, 1, 4, 13.5, 0.3, 7.6, 2010, 'Popice', 'Morava', 'Česká republika'),
(7, 'Chardonnay barrique, 2011, pozdní sběr, polosladké, Krist, 0,75l', 3, 1, 4, 12.5, 25, 6, 2011, 'Strážnice', 'Morava', 'Česká republika'),
(8, 'Chardonnay barrique, 2012, pozdní sběr, suché, Moravíno, 0,75l', 3, 1, 4, 13.5, 4.4, 6.7, 2012, 'Valtice', 'Morava', 'Česká republika'),
(9, 'Chardonnay Cépage, 2011, výběr z bobulí, sladké, Nové Vinařství, 0,375l', 3, 1, 6, 11, 69.6, 6.4, 2011, 'Nový Přerov', 'Morava', 'Česká republika'),
(10, 'Chardonnay Cépage, 2012, pozdní sběr, Nové Vinařství, 0,75l', 3, 1, 4, 13, 8.6, 7, 2012, 'Nový Přerov', 'Morava', 'Česká republika'),
(11, 'Chardonnay, 2007, výběr z hroznů, sladké, Valihrach, 0,375l', 3, 1, 5, 8.5, NULL, NULL, 2007, 'Krumvíř', 'Morava', 'Česká republika'),
(12, 'Chardonnay, 2007, výběr z hroznů, suché, Valihrach, 0,75l', 3, 1, 5, 13.5, NULL, NULL, 2007, 'Krumvíř', 'Morava', 'Česká republika'),
(13, 'Chardonnay, 2010, pozdní sběr, polosuché, Valihrach, 0,75l', 3, 1, 4, 12, NULL, NULL, 2010, 'Krumvíř', 'Morava', 'Česká republika'),
(14, 'Chardonnay, 2011, Classic, pozdní sběr, suché, Rajhradské Klášterní, 0,75l', 3, 1, 4, 12, 0.8, 6.6, 2011, 'Blučina', 'Morava', 'Česká republika'),
(15, 'Chardonnay, 2011, pozdní sběr, polosuché, Gotberg, 0,75l', 3, 1, 4, 12.5, 5.6, 6, 2011, 'Popice', 'Morava', 'Česká republika'),
(16, 'Chardonnay, 2011, pozdní sběr, suché, Žůrek, 0,75l', 3, 1, 4, 12.5, NULL, NULL, 2011, 'Lipov', 'Morava', 'Česká republika'),
(17, 'Chardonnay, 2011, Rosentické, Traditional Line, výběr z hroznů, polosuché, Mikrosvín, 0,75l', 3, 1, 5, 14, 8.8, 6.2, 2011, 'Dobré pole', 'Morava', 'Česká republika'),
(18, 'Chardonnay, 2011, výběr z hroznů, polosuché, Krist, 0,75l', 3, 1, 5, 12, 15, 5.7, 2012, 'Nechvalín', 'Morava', 'Česká republika'),
(19, 'Chardonnay, 2012, Flower Line, pozdní sběr, suché, Mikrosvín, 0,75l', 3, 1, 4, 14, 3.4, 6.5, 2012, 'Dolní Dunajovice', 'Morava', 'Česká republika'),
(20, 'Chardonnay, 2012, pozdní sběr, Bíza, 0,75l', 3, 1, 4, 12.5, 5.3, 7.2, 2012, 'Čejkovice', 'Morava', 'Česká republika'),
(21, 'Chardonnay, 2012, pozdní sběr, Collection Pinot, Pod Martinkou, 0,75l', 3, 1, 4, 12.5, NULL, NULL, 2012, 'Mikulov', 'Morava', 'Česká republika'),
(22, 'Chardonnay, 2012, pozdní sběr, Collection Pinot, polosladké, Pod Martinkou', 3, 1, 4, 12.5, NULL, NULL, 2012, 'Mikulov', 'Morava', 'Česká republika'),
(23, 'Chardonnay, 2012, pozdní sběr, polosladké, Piálek & Jäger, 0,75l', 3, 1, 4, 13.2, 13.2, 6.4, 2012, 'Vrbovec', 'Morava', 'Česká republika'),
(24, 'Chardonnay, 2012, pozdní sběr, suché, Moravíno, 0,75l', 3, 1, 4, 14, 4.1, 6.4, 2012, 'Mikulov', 'Morava', 'Česká republika'),
(25, 'Chardonnay, 2013, Classic Range, pozdní sběr, suché, Žůrek, 0,75l', 3, 1, 4, 13, 7.9, 6.7, 2013, 'Polešovice', 'Morava', 'Česká republika'),
(26, 'Chardonnay, 2013, pozdní sběr, Březí-Liščí vrch, suché, Volařík, 0,75l', 3, 1, 4, 12, 9, 9.4, 2013, 'Březí', 'Morava', 'Česká republika'),
(27, 'Chardonnay, 2013, pozdní sběr, Perná-Purmice, polosladké, Volařík, 0,75l', 3, 1, 4, 12.5, 20.7, 8.8, 2013, 'Perná', 'Morava', 'Česká republika'),
(28, 'Chardonnay, 2013, pozdní sběr, polosuché, Ampelos, 0,75l', 3, 1, 4, 13, 14, 8, 2013, 'Vrbovec', 'Morava', 'Česká republika'),
(29, 'Chardonnay, 2013, Premium, pozdní sběr, suché, Kořínek, 0,75l', 3, 1, 4, 12.5, 5.1, 8, 2013, 'Hnanice', 'Morava', 'Česká republika'),
(30, 'Chardonnay, Exclusive, 2013, výběr z hroznů, sladké, Vinařství Štěpánek, 0,75l', 3, 1, 5, 8.5, 46.1, 9, 2013, 'Josefov', 'Morava', 'Česká republika'),
(31, 'Chardonnay, pozdní sběr, 2011, Turold, suché, Tanzberg, 0,75l', 3, 1, 4, 13, 3.5, 7.3, 2011, 'Mikulov', 'Morava', 'Česká republika'),
(32, 'Chardonnay, Premium, 2013, výběr z hroznů, suché, Vinařství Štěpánek, 0,75l', 3, 1, 5, 13, 4.2, 8.1, 2013, 'Josefov', 'Morava', 'Česká republika'),
(33, 'Cuvée Kerner + Pálava, 2012, Flower Line, pozdní sběr, polosuché, Mikrosvín, 0,75l', 9, 1, 4, 12.5, 14.6, 4.9, 2012, NULL, 'Morava', 'Česká republika'),
(34, 'Hibernal, 2009, výběr z bobulí, polosladké, Mádl, 0,5l', 4, 1, 6, 12, NULL, NULL, 2009, 'Velké Bílovice', 'Morava', 'Česká republika'),
(35, 'Hibernal, 2010, pozdní sběr, suché, Mádl, 0,75l', 4, 1, 4, 12.5, NULL, NULL, 2010, 'Velké Bílovice', 'Morava', 'Česká republika'),
(36, 'Hibernal, 2011, pozdní sběr, polosladké, Krist, 0,75l', 4, 1, 4, 11.5, 18, 5.5, 2011, 'Čejkovice', 'Morava', 'Česká republika'),
(37, 'Hibernal, 2011, výběr z hroznů, suché, Valihrach, 0,75l', 4, 1, 5, 13.5, NULL, NULL, 2011, 'Krumvíř', 'Morava', 'Česká republika'),
(38, 'Hibernal, 2012, pozdní sběr, Ampelos, 0,75l', 4, 1, 4, 12.5, 12.4, 8.5, 2012, 'Vrbovec', 'Morava', 'Česká republika'),
(39, 'Hibernal, 2013, Organic, pozdní sběr, Perná-Věstoňsko, suché, Volařík, 0,75l', 4, 1, 4, 14, 8, 7.7, 2013, 'Perná', 'Morava', 'Česká republika'),
(40, 'Hibernal, 2013, pozdní sběr, polosladké, Ampelos, 0,75l', 4, 1, 4, 12, 20.5, 8.7, 2013, 'Vrbovec', 'Morava', 'Česká republika'),
(41, 'Hibernal, 2013, pozdní sběr, polosuché, Čech, 0,75l', 4, 1, 4, 12, NULL, NULL, 2013, 'Kostice', 'Morava', 'Česká republika'),
(42, 'Hibernal, 2013, výběr z hroznů, polosladké, Maňák, 0,75l', 4, 1, 5, 12.5, 23.4, 6.3, 2013, 'Žádovice', 'Morava', 'Česká republika'),
(43, 'Hibernal, Exclusive, 2013, výběr z hroznů, polosladké, Vinařství Štěpánek, 0,75l', 4, 1, 5, 9, NULL, NULL, 2013, 'Mutěnice', 'Morava', 'Česká republika'),
(44, 'Irsai oliver, 2008, pozdní sběr, suché, Krist, 0,75l', 5, 1, 4, 11.5, 1.8, 5.7, 2008, 'Vacenovice', 'Morava', 'Česká republika'),
(45, 'Irsai oliver, 2012, kabinet, polosladké, Krist, 0,75l', 5, 1, 3, 11.5, 20, 5.6, 2012, 'Nechvalín', 'Morava', 'Česká republika'),
(46, 'Irsai Oliver, 2013, kabinet, suché, Maňák, 0,75l', 5, 1, 3, 11, 4.7, 6.9, 2013, 'Žádovice', 'Morava', 'Česká republika'),
(47, 'Muller thurgau, 2012, Classic, pozdní sběr, polosuché, Rajhradské Klášterní, 0,75l', 6, 1, 4, 12, 8.5, 5.8, 2012, 'Ivančice', 'Morava', 'Česká republika'),
(48, 'Muller Thurgau, 2012, Flower Line, pozdní sběr, suché, Mikrosvín, 0,75l', 6, 1, 4, 11.5, 2.6, 6, 2012, 'Březí', 'Morava', 'Česká republika'),
(49, 'Muller thurgau, 2012, Žůrek, 0,75l', 6, 1, 2, 12, 3.3, 5.5, 2012, 'Kyjov', 'Morava', 'Česká republika'),
(50, 'Muller thurgau, 2013, kabinet, suché, Mádl, 0,75l', 6, 1, 3, 12, NULL, NULL, 2013, 'Velké Bílovice', 'Morava', 'Česká republika'),
(51, 'Muller thurgau, 2013, kabinetní, Mikulov-Za Turoldem, suché, Volařík, 0,75l', 6, 1, 3, 11, 8.4, 8.1, 2013, 'Mikulov', 'Morava', 'Česká republika'),
(52, 'Muller thurgau, 2013, pozdní sběr, polosuché, Ampelos, 0,75l', 6, 1, 4, 12.5, 9.3, 6.7, 2013, 'Vrbovec', 'Morava', 'Česká republika'),
(53, 'Muller Thurgau, 2013, pozdní sběr, suché, Vajbar, 0,75l', 6, 1, 4, 11.5, NULL, NULL, 2013, 'Rakvice', 'Morava', 'Česká republika'),
(54, 'Muller thurgau, 2013, pozdní sběr, U Hájku, polosladké, Lahofer, 0,75l', 6, 1, 4, 10, 38.1, 6.5, 2013, 'Dobšice', 'Morava', 'Česká republika'),
(55, 'Muškát moravský, 2011, pozdní sběr, suché, Žůrek, 0,75l', 7, 1, 4, 13, NULL, NULL, 2011, 'Žeravice', 'Morava', 'Česká republika'),
(56, 'Muškát moravský, 2011, pozdní sběr, Syfany, 0,75l', 7, 1, 4, 12.5, 0.7, 6.3, 2011, 'Vrbice', 'Morava', 'Česká republika'),
(57, 'Muškát moravský, 2012, Flower Line, pozdní sběr, polosladké, Mikrosvín, 0,75l', 7, 1, 4, 11.5, 25.7, 5.8, 2012, 'Dobré pole', 'Morava', 'Česká republika'),
(58, 'Muškát moravský, 2012, jakostní, suché, Maňák, 0,75l', 7, 1, 2, 12, 3.7, 5.5, 2012, 'Kostelec', 'Morava', 'Česká republika'),
(59, 'Muškát moravský, 2012, kabinet, polosuché, Krist, 0,75l', 7, 1, 3, 11.5, 12, 5, 2012, 'Moravská nová Ves', 'Morava', 'Česká republika'),
(60, 'Muškát moravský, 2012, kabinet, polosuché, Mádl, 0,75l', 7, 1, 4, 12, NULL, NULL, 2012, 'Horní Bojanovice', 'Morava', 'Česká republika'),
(61, 'Muškát moravský, 2012, pozdní sběr, Syfany, 0,75l', 7, 1, 4, 13, 1, 5.8, 2012, 'Vrbice', 'Morava', 'Česká republika'),
(62, 'Muškát moravský, 2013, Flower Line, pozdní sběr, polosladké, Mikrosvín, 0,75l', 7, 1, 4, 13, 21.3, 6.6, 2013, 'Dobré pole', 'Morava', 'Česká republika'),
(63, 'Muškát moravský, 2013, kabinetní, Březí-Ořechová hora, polosuché, Volařík, 0,75l', 7, 1, 3, 11.5, 11.2, 5.9, 2013, 'Březí', 'Morava', 'Česká republika'),
(64, 'Muškát moravský, 2013, pozdní sběr, polosuché, Vajbar, 0,75l', 7, 1, 4, 11.5, NULL, NULL, 2013, 'Rakvice', 'Morava', 'Česká republika'),
(65, 'Muškát moravský, 2013, pozdní sběr, suché, Čech, 0,75l', 7, 1, 4, 12.5, NULL, NULL, 2013, 'Tvrdonice', 'Morava', 'Česká republika'),
(66, 'Muškát moravský, 2013, pozdní sběr, suché, Gotberg, 0,75l', 7, 1, 4, 12.5, 0.3, 5.8, 2013, 'Popice', 'Morava', 'Česká republika'),
(67, 'Muškát moravský, 2013, pozdní sběr, Znojemsko, sladké, Lahofer, 0,75l', 7, 1, 4, 8, 63, 6.7, 2013, NULL, 'Morava', 'Česká republika'),
(68, 'Muškát moravský, Exclusive, 2013, pozdní sběr, polosuché, Vinařství Štěpánek, 0,75l', 7, 1, 4, 10.5, 11.9, 6.6, 2013, 'Moravská nová Ves', 'Morava', 'Česká republika'),
(69, 'Muškát moravský, pozdní sběr, 2012, suché, Spielberg, 0,75l', 7, 1, 4, 12.5, 6.5, 6.2, 2012, 'Žarošice', 'Morava', 'Česká republika'),
(70, 'Neuburské sur lie, 2011, pozdní sběr, U Hájku, suché, Lahofer, 0,75l', 8, 1, 4, 13.5, 1, 6.1, 2011, 'Dobšice', 'Morava', 'Česká republika'),
(71, 'Neuburské, 2011, kabinet, suché, Mádl, 0,75l', 8, 1, 3, 12, NULL, NULL, 2011, 'Velké Bílovice', 'Morava', 'Česká republika'),
(72, 'Neuburské, 2012, pozdní sběr, suché, Maňák, 0,75l', 8, 1, 4, 13, 5.2, 5, 2012, 'Novosedly', 'Morava', 'Česká republika'),
(73, 'Neuburské, 2012, pozdní sběr, U Hájku, polosladké, Lahofer, 0,75l', 8, 1, 4, 12.5, 22.8, 6.4, 2012, 'Dobšice', 'Morava', 'Česká republika'),
(74, 'Neuburské, 2013, pozdní sběr, polosuché, Ampelos, 0,75l', 8, 1, 4, 12, 9.2, 7.2, 2013, 'Vrbovec', 'Morava', 'Česká republika'),
(75, 'Neuburské, 2013, pozdní sběr, suché, Čech, 0,75l', 8, 1, 4, 12, NULL, NULL, 2013, 'Tvrdonice', 'Morava', 'Česká republika'),
(76, 'Pálava Terroir, 2011, výběr z bobulí, U Venuše, sladké, Volařík, 0,75l', 9, 1, 6, 8, 161.4, 5.4, 2011, 'Horní Věstonice', 'Morava', 'Česká republika'),
(77, 'Pálava Terroir, 2012, výběr z hroznů, U Venuše, Volařík, 0,75l', 9, 1, 5, 12, 56, 6.6, 2012, 'Horní Věstonice', 'Morava', 'Česká republika'),
(78, 'Pálava, 2008, výběr z hroznů, polosladké, Sonberk, 0,375l', 9, 1, 5, 14, 28.3, 6.5, 2008, NULL, 'Morava', 'Česká republika'),
(79, 'Pálava, 2010, výběr z bobulí, polosladké, Krist, 0,375l', 9, 1, 6, 11, 35.6, 9.3, 2010, 'Horní Věstonice', 'Morava', 'Česká republika'),
(80, 'Pálava, 2011, pozdní sběr, polosuché, Mádl, 0,75l', 9, 1, 4, 13, NULL, NULL, 2011, 'Velké Bílovice', 'Morava', 'Česká republika'),
(81, 'Pálava, 2011, pozdní sběr, suché, Sonberk, 0,75l', 9, 1, 4, 13.5, 8.2, 6.4, 2011, 'Popice', 'Morava', 'Česká republika'),
(82, 'Pálava, 2011, výběr z bobulí, sladké, Maňák, 0,5l', 9, 1, 6, 13, 61.5, 6.5, 2011, 'Pavlov', 'Morava', 'Česká republika'),
(83, 'Pálava, 2011, výběr z bobulí, Syfany, 0,5l', 9, 1, 6, 14, 24.4, 5.8, 2011, 'Vrbice', 'Morava', 'Česká republika'),
(84, 'Pálava, 2011, výběr z hroznů, polosladké, Gotberg, 0,75l', 9, 1, 5, 13.5, 30.2, 7.1, 2011, 'Popice', 'Morava', 'Česká republika'),
(85, 'Pálava, 2011, výběr z hroznů, polosladké, Krist, 0,75l', 9, 1, 5, 12, 23.7, 5.4, 2011, 'Popice', 'Morava', 'Česká republika'),
(86, 'Pálava, 2011, výběr z hroznů, polosladké, Valihrach, 0,75l', 9, 1, 5, 12.5, NULL, NULL, 2011, 'Krumvíř', 'Morava', 'Česká republika'),
(87, 'Pálava, 2011, výběr z hroznů, sladké, Sonberk, 0,5l', 9, 1, 5, 12, 58.2, 5.6, 2011, 'Popice', 'Morava', 'Česká republika'),
(88, 'Pálava, 2011, výběr z hroznů, Syfany, 0,75l', 9, 1, 5, 14, 17.9, 6.6, 2011, 'Vrbice', 'Morava', 'Česká republika'),
(89, 'Pálava, 2012, výběr z bobulí, "Kristovy poklady", Krist, 0,75l', 9, 1, 6, NULL, 37.7, 5.1, 2012, 'Horní Věstonice', 'Morava', 'Česká republika'),
(90, 'Pálava, 2012, výběr z bobulí, sladké, Gotberg, 0,5l', 9, 1, 6, 11.5, 46, 6.5, 2012, 'Popice', 'Morava', 'Česká republika'),
(91, 'Pálava, 2012, výběr z hroznů, H.Věstonice-U Venuše, polosladké, Volařík, 0,75l', 9, 1, 5, 14, 29.7, 6.1, 2012, 'Horní Věstonice', 'Morava', 'Česká republika'),
(92, 'Pálava, 2012, výběr z hroznů, polosladké, Piálek & Jäger, 0,75l', 9, 1, 4, 12.9, 35, 6.1, 2012, 'Hnanice', 'Morava', 'Česká republika'),
(93, 'Pálava, 2012, výběr z hroznů, polosuché, Moravíno, 0,75l', 9, 1, 5, 12.5, 14.7, 5.9, 2012, 'Mikulov', 'Morava', 'Česká republika'),
(94, 'Pálava, 2013, pozdní sběr, Perná-Levá klentnická, polosuché, Volařík, 0,75l', 9, 1, 4, 13.5, 9.8, 7, 2013, 'Perná', 'Morava', 'Česká republika'),
(95, 'Pálava, 2013, pozdní sběr, Perná-U Boží muky, polosuché, Volařík, 0,75l', 9, 1, 4, 13.5, 11.4, 6.5, 2013, 'Perná', 'Morava', 'Česká republika'),
(96, 'Pálava, 2013, pozdní sběr, Perná-Věstoňsko, polosuché, Volařík, 0,75l', 9, 1, 4, 13.5, 11.4, 6.7, 2013, 'Perná', 'Morava', 'Česká republika'),
(97, 'Pálava, 2013, výběr z bobulí, polosladké, Maňák, 0,5l', 9, 1, 6, 12, 42.8, 9.3, 2013, 'Pavlov', 'Morava', 'Česká republika'),
(98, 'Pálava, 2013, výběr z hroznů, Bavory-Anenský vrch, polosladké, Volařík, 0,75l', 9, 1, 5, 12.5, 41.1, 6.4, 2013, 'Bavory', 'Morava', 'Česká republika'),
(99, 'Pálava, 2013, výběr z hroznů, Perná-Purmice, sladké, Volařík, 0,75l', 9, 1, 5, 11.5, 67.5, 6.2, 2013, 'Perná', 'Morava', 'Česká republika'),
(100, 'Pálava, 2013, výběr z hroznů, polosladké, Maňák, 0,75l', 9, 1, 5, 12.5, 25.1, 7.4, 2013, 'Žádovice', 'Morava', 'Česká republika'),
(101, 'Pálava, 2013, výběr z hroznů, Znojemsko, polosladké, Lahofer, 0,75l', 9, 1, 5, 10.5, 42, 7.9, 2013, NULL, 'Morava', 'Česká republika'),
(102, 'Rulandské bílé 2012, pozdní sběr, Volné pole, polosuché, Lahofer, 0,75l', 10, 1, 4, 12.5, 12.2, 6.4, 2012, 'Hostěradice', 'Morava', 'Česká republika'),
(103, 'Rulandské bílé barrique, 2012, pozdní sběr, suché, Maňák, 0,75l', 10, 1, 4, 13, 6.1, 6.1, 2012, 'Kostelec', 'Morava', 'Česká republika'),
(104, 'Rulandské bílé Cépage, 2012, výběr z hroznů, Nové Vinařství, 0,75l', 10, 1, 5, 13.5, 13.5, 5.6, 2012, 'Drnholec', 'Morava', 'Česká republika'),
(105, 'Rulandské bílé Terroir, 2012, pozdní sběr, Maňák, 0,75l', 10, 1, 4, 12.5, 18.5, 6.9, 2012, 'Kostelec', 'Morava', 'Česká republika'),
(106, 'Rulandské bílé Terroir, 2012, výběr z hroznů, Zimní vrch, polosladké, Volařík, 0,75l', 10, 1, 5, 14, 29.9, 8, 2012, 'Dolní Dunajovice', 'Morava', 'Česká republika'),
(107, 'Rulandské bílé, 2011, Purmice, Traditional Line, výběr z hroznů, polosuché, Mikrosvín, 0,75l', 10, 1, 5, 14.5, 8.4, 5.7, 2011, 'Perná', 'Morava', 'Česká republika'),
(108, 'Rulandské bílé, 2011, výběr z hroznů, Dolní Dunajovice-Plotny, polosladké, Volařík, 0,75l', 10, 1, 5, 13.5, 18.3, 9.2, 2011, 'Dolní Dunajovice', 'Morava', 'Česká republika'),
(109, 'Rulandské bílé, 2011, výběr z hroznů, Maňák, 0,75l', 10, 1, 5, 13.5, 4.9, 6.7, 2011, 'Kostelec', 'Morava', 'Česká republika'),
(110, 'Rulandské bílé, 2011, výběr z hroznů, suché, Krist, 0,75l', 10, 1, 5, 13, 6, 5, 2011, 'Kyjov', 'Morava', 'Česká republika'),
(111, 'Rulandské bílé, 2012, Flower Line, pozdní sběr, suché, Mikrosvín, 0,75l', 10, 1, 4, 13, 6, 6.5, 2012, 'Dolní Dunajovice', 'Morava', 'Česká republika'),
(112, 'Rulandské bílé, 2012, pozdní sběr, Ampelos, 0,75l', 10, 1, 4, 12.5, 11.3, 7.5, 2012, 'Vrbovec', 'Morava', 'Česká republika'),
(113, 'Rulandské bílé, 2012, pozdní sběr, polosladké, Piálek & Jäger , 0,75l', 10, 1, 4, 12.9, 14.3, 5.6, 2012, 'Načeratice', 'Morava', 'Česká republika'),
(114, 'Rulandské bílé, 2012, výběr z hroznů, Dolní Dunajovice-Plotny, polosladké, Volařík, 0,75l', 10, 1, 5, 13.5, 25.8, 7.8, 2012, 'Dolní Dunajovice', 'Morava', 'Česká republika'),
(115, 'Rulandské bílé, 2012, výběr z hroznů, Žůrek, 0,75l', 10, 1, 5, 14, 8, 6.5, 2012, 'Kyjov', 'Morava', 'Česká republika'),
(116, 'Rulandské bílé, 2013, Classic Range, pozdní sběr, suché, Žůrek, 0,75l', 10, 1, 4, 12, 6.8, 5.7, 2013, 'Hrušovany nad Jeviškou', 'Morava', 'Česká republika'),
(117, 'Rulandské bílé, 2013, Extra Range, pozdní sběr, polosuché, Žůrek, 0,75l', 10, 1, 4, 12.5, 12, 7.1, 2013, 'Kyjov', 'Morava', 'Česká republika'),
(118, 'Rulandské bílé, 2013, pozdní sběr, Dolní Dunajovice-Plotny, polosuché, Volařík, 0,75l', 10, 1, 4, 12.5, 14.1, 8.1, 2013, 'Dolní Dunajovice', 'Morava', 'Česká republika'),
(119, 'Rulandské bílé, 2013, pozdní sběr, polosuché, Ampelos, 0,75l', 10, 1, 4, 12, 12.4, 8, 2013, 'Vrbovec', 'Morava', 'Česká republika'),
(120, 'Rulandské bílé, Exclusive, 2013, výběr z hroznů, polosladké, Vinařství Štěpánek, 0,75l', 10, 1, 5, 10, NULL, NULL, 2013, 'Mutěnice', 'Morava', 'Česká republika'),
(121, 'Rulandské modré klaret, 2012 - Kristovy poklady - výběr z hroznů, polosladké, Krist, 0,75l', 26, 1, 5, 12, 23, 5, 2012, 'Milotice', 'Morava', 'Česká republika'),
(122, 'Rulandské šedé barrique, 2008, výběr z hroznů, suché, Valihrach, 0,75l', 11, 1, 5, 13, NULL, NULL, 2008, 'Krumvíř', 'Morava', 'Česká republika'),
(123, 'Rulandské šedé barrique, 2010, výběr z hroznů, suché, Gotberg, 0,75l', 11, 1, 5, 14, 2, 5.8, 2010, 'Popice', 'Morava', 'Česká republika'),
(124, 'Rulandské šedé Cépage, 2012, pozdní sběr, suché, Nové Vinařství, 0,75l', 11, 1, 4, 13, 4.2, 6.1, 2012, 'Nový Přerov', 'Morava', 'Česká republika'),
(125, 'Rulandské šedé Cépage, 2012, výběr z hroznů, Nové Vinařství, 0,75l', 11, 1, 5, 12.5, 14, 7.1, 2012, 'Nový Přerov', 'Morava', 'Česká republika'),
(126, 'Rulandské šedé Village, 2012, pozdní sběr, suché, Nové vinařství, 0,75l', 11, 1, 4, 13, 7.1, 6.8, 2012, 'Nový Přerov', 'Morava', 'Česká republika'),
(127, 'Rulandské šedé, 2008, pozdní sběr, suché, Sonberk, 0,75l', 11, 1, 4, 13.5, 4.3, 7, 2008, 'Popice', 'Morava', 'Česká republika'),
(128, 'Rulandské šedé, 2009, výběr z hroznů, suché, Valihrach, 0,75l', 11, 1, 5, 13.5, NULL, NULL, 2009, 'Krumvíř', 'Morava', 'Česká republika'),
(129, 'Rulandské šedé, 2010, pozdní sběr, suché, Sonberk, 0,75l', 11, 1, 4, 13.5, 1.6, 7.3, 2010, 'Popice', 'Morava', 'Česká republika'),
(130, 'Rulandské šedé, 2010, pozdní sběr, suché, Valihrach, 0,75l', 11, 1, 4, 12.5, NULL, NULL, 2012, 'Krumvíř', 'Morava', 'Česká republika'),
(131, 'Rulandské šedé, 2011, pozdní sběr, polosladké, Krist, 0,75l', 11, 1, 4, 11.5, 33, 5, 2011, 'Lovčice', 'Morava', 'Česká republika'),
(132, 'Rulandské šedé, 2011, Syfany, 0,75l', 11, 1, 2, 14.5, 4, 7.3, 2011, 'Vrbice', 'Morava', 'Česká republika'),
(133, 'Rulandské šedé, 2011, výběr z bobulí, Lampelberg, Lahofer, 0,75l', 11, 1, 6, 13.5, 35.9, 6.5, 2011, 'Vrbovec', 'Morava', 'Česká republika'),
(134, 'Rulandské šedé, 2011, výběr z cibéb, Lampelberg, sladké, Lahofer, 0,375l', 11, 1, 7, 13.5, 59.3, 6.7, 2011, 'Vrbovec', 'Morava', 'Česká republika'),
(135, 'Rulandské šedé, 2011, výběr z hroznů, polosladké, Gotberg, 0,75l', 11, 1, 5, 12.5, 41, 6.8, 2011, 'Popice', 'Morava', 'Česká republika'),
(136, 'Rulandské šedé, 2011, výběr z hroznů, U Hájku, polosladké, Lahofer, 0,75l', 11, 1, 5, 13, 26.8, 7.2, 2011, 'Dobšice', 'Morava', 'Česká republika'),
(137, 'Rulandské šedé, 2011, Zadní hora, pozdní sběr, suché, Mádl, 0,75l', 11, 1, 4, 13.5, NULL, NULL, 2011, 'Velké Bílovice', 'Morava', 'Česká republika'),
(138, 'Rulandské šedé, 2012, Exclusive, pozdní sběr, polosuché, Rajhradské Klášterní, 0,75l', 11, 1, 4, 13, 9.5, 5.6, 2012, 'Blučina', 'Morava', 'Česká republika'),
(139, 'Rulandské šedé, 2012, Flower Line, pozdní sběr, polosuché, Mikrosvín, 0,75l', 11, 1, 4, 13, 13, 6.3, 2012, 'Dolní Dunajovice', 'Morava', 'Česká republika'),
(140, 'Rulandské šedé, 2012, pozdní sběr, suché, Moravíno, 0,75l', 11, 1, 4, 13.5, 2, 5.6, 2012, 'Mikulov', 'Morava', 'Česká republika'),
(141, 'Rulandské šedé, 2012, výběr z bobulí, Lampelberg, sladké, Lahofer, 0,75l', 11, 1, 4, 11.5, 59, 7.1, 2012, 'Vrbovec', 'Morava', 'Česká republika'),
(142, 'Rulandské šedé, 2012, výběr z hroznů, "Kristovy poklady", Krist, 0,75l', 11, 1, 5, 12, 27, 5, 2012, 'Lovčice', 'Morava', 'Česká republika'),
(143, 'Rulandské šedé, 2012, výběr z hroznů, polosladké,  Maňák, 0,75l', 11, 1, 5, 12, 41.3, 5.8, 2012, 'Novosedly', 'Morava', 'Česká republika'),
(144, 'Rulandské šedé, 2012, výběr z hroznů, polosladké, Bíza, 0,75l', 11, 1, 5, 13, 17, 6.7, 2012, 'Čejkovice', 'Morava', 'Česká republika'),
(145, 'Rulandské šedé, 2012, výběr z hroznů, polosladké, Piálek & Jäger, 0,75l ', 11, 1, 4, 13.2, 20, 5.9, 2012, 'Chvalovice', 'Morava', 'Česká republika'),
(146, 'Rulandské šedé, 2012, výběr z hroznů, Žůrek, 0,75l', 11, 1, 5, 13, 11.9, 5.9, 2012, 'Žeravice', 'Morava', 'Česká republika'),
(147, 'Rulandské šedé, 2013, Extra Range, pozdní sběr, suché, Žůrek, 0,75l', 11, 1, 4, 13, 7.1, 5.6, 2013, 'Žeravice', 'Morava', 'Česká republika'),
(148, 'Rulandské šedé, 2013, Flower Line, pozdní sběr, suché, Mikrosvín, 0,75l', 11, 1, 4, 12.5, 7.4, 7.8, 2013, 'Šanov', 'Morava', 'Česká republika'),
(149, 'Rulandské šedé, 2013, kabinet, suché, Krist, 0,75l', 11, 1, 3, 12, 4, 6.5, 2013, 'Milotice', 'Morava', 'Česká republika'),
(150, 'Rulandské šedé, 2013, kabinet, suché, Mádl, 0,75l', 11, 1, 3, 13, NULL, NULL, 2013, 'Velké Bílovice', 'Morava', 'Česká republika'),
(151, 'Rulandské šedé, 2013, pozdní sběr, polosuché, Ampelos, 0,75l', 11, 1, 4, 13, 11.2, 8.3, 2013, 'Vrbovec', 'Morava', 'Česká republika'),
(152, 'Rulandské šedé, 2013, pozdní sběr, polosuché, Čech, 0,75l', 11, 1, 4, 12.5, NULL, NULL, 2013, 'Týnec', 'Morava', 'Česká republika'),
(153, 'Rulandské šedé, 2013, výběr z hroznů, polosladké, Maňák, 0,75l', 11, 1, 5, 12, 30.2, 7.9, 2013, 'Novosedly', 'Morava', 'Česká republika'),
(154, 'Rulandské šedé, Exclusive, 2013, výběr z hroznů, polosuché, Vinařství Štěpánek, 0,75l', 11, 1, 5, 12.5, NULL, NULL, 2013, 'Mutěnice', 'Morava', 'Česká republika'),
(155, 'Rulandské šedé, Exclusive, 2013, výběr z hroznů, sladké, Vinařství Štěpánek, 0,75l', 11, 1, 5, 10, NULL, NULL, 2013, 'Mutěnice', 'Morava', 'Česká republika'),
(156, 'Ryzlink rýnský Austerlitz, 2011, výběr z hroznů, Spielberg, 0,75l', 12, 1, 5, 12, 37.3, 6.3, 2011, 'Archlebov', 'Morava', 'Česká republika'),
(157, 'Ryzlink rýnský Austerlitz, 2012, pozdní sběr, suché, Spielberg, 0,75l', 12, 1, 4, 13, 2.3, 6.5, 2012, 'Žarošice', 'Morava', 'Česká republika'),
(158, 'Ryzlink rýnský Cépage, 2012, Langewarte, pozdní sběr, suché, Nové Vinařství, 0,75l', 12, 1, 4, 12.5, 5.8, 7.2, 2012, 'Nový Poddvorov', 'Morava', 'Česká republika'),
(159, 'Ryzlink rýnský Cépage, Langewarte, 2011, pozdní sběr, Nové Vinařství, 0,75l', 12, 1, 4, 13, 8.7, 8.4, 2011, 'Nový Přerov', 'Morava', 'Česká republika'),
(160, 'Ryzlink rýnský, 1994, polosuché, Valihrach, 0,75l', 12, 1, 2, 13, NULL, NULL, 1994, 'Krumvíř', 'Morava', 'Česká republika'),
(161, 'Ryzlink rýnský, 2010, pozdní sběr, suché, Sonberk, 0,75l', 12, 1, 4, 13, 7.8, 8.1, 2010, 'Popice', 'Morava', 'Česká republika'),
(162, 'Ryzlink rýnský, 2011, jakostní, suché, Kolby, 0,75l', 12, 1, 2, 13.5, NULL, NULL, 2011, 'Pouzdřany', 'Morava', 'Česká republika'),
(163, 'Ryzlink rýnský, 2011, pozdní sběr, Maňák, 0,75l', 12, 1, 4, 12, 10, 6.5, 2011, 'Popice', 'Morava', 'Česká republika'),
(164, 'Ryzlink rýnský, 2011, pozdní sběr, suché, Gotberg, 0,75l', 12, 1, 4, 12, 5.3, 7.6, 2011, 'Popice', 'Morava', 'Česká republika'),
(165, 'Ryzlink rýnský, 2011, pozdní sběr, suché, Kolby, 0,75l', 12, 1, 4, 12.5, NULL, NULL, 2011, 'Pouzdřany', 'Morava', 'Česká republika'),
(166, 'Ryzlink rýnský, 2011, pozdní sběr, suché, Sonberk, 0,75l', 12, 1, 4, 13, 4.7, 7.1, 2011, 'Popice', 'Morava', 'Česká republika'),
(167, 'Ryzlink rýnský, 2011, výběr z hroznů, sladké, Krist, 0,75l', 12, 1, 5, 10, 52, 6.5, 2011, 'Nechvalín', 'Morava', 'Česká republika'),
(168, 'Ryzlink rýnský, 2011, Za cihelnou, Traditional Line, pozdní sběr, suché, Mikrosvín, 0,75l', 12, 1, 4, 12.5, 5.7, 7.1, 2011, 'Mikulov', 'Morava', 'Česká republika'),
(169, 'Ryzlink rýnský, 2012, Exclusive, pozdní sběr, polosuché, Rajhradské Klášterní, 0,75l', 12, 1, 4, 13, 11, 5.9, 2012, 'Rajhrad', 'Morava', 'Česká republika'),
(170, 'Ryzlink rýnský, 2012, Exclusive, pozdní sběr, suché, Rajhradské Klášterní, 0,75l', 12, 1, 4, 13, 2.9, 5.9, 2012, 'Blučina', 'Morava', 'Česká republika'),
(171, 'Ryzlink rýnský, 2012, Flower Line, pozdní sběr, suché, Mikrosvín, 0,75l', 12, 1, 4, 13, 2.5, 6.6, 2012, 'Dobré pole', 'Morava', 'Česká republika'),
(172, 'Ryzlink rýnský, 2012, pozdní sběr, polosuché, Kořínek, 0,75l', 12, 1, 4, 12, 17, 7.4, 2012, 'Strachotice', 'Morava', 'Česká republika'),
(173, 'Ryzlink rýnský, 2012, pozdní sběr, polosuché, Piálek & Jäger, 0,75l', 12, 1, 4, 12.6, 8, 6.3, 2012, 'Dyjakovičky', 'Morava', 'Česká republika'),
(174, 'Ryzlink rýnský, 2012, pozdní sběr, suché, Maňák, 0,75l', 12, 1, 4, 12.5, 6.6, 6.3, 2012, 'Novosedly', 'Morava', 'Česká republika'),
(175, 'Ryzlink rýnský, 2012, pozdní sběr, suché, Mádl, 0,75l', 12, 1, 4, 13, NULL, NULL, 2012, 'Velké Bílovice', 'Morava', 'Česká republika'),
(176, 'Ryzlink rýnský, 2012, pozdní sběr, suché, Moravíno, 0,75l', 12, 1, 4, 13.5, 4.8, 6.7, 2012, 'Mikulov', 'Morava', 'Česká republika'),
(177, 'Ryzlink rýnský, 2012, Standard Line, jakostní, suché, Mikrosvín, 0,75l', 12, 1, 2, 13, 6.7, 6.1, 2012, NULL, 'Morava', 'Česká republika'),
(178, 'Ryzlink rýnský, 2013, Extra Range, pozdní sběr, polosuché, Žůrek, 0,75l', 12, 1, 4, 12.5, 9.6, 7, 2013, 'Hrušovany nad Jeviškou', 'Morava', 'Česká republika'),
(179, 'Ryzlink rýnský, 2013, kabinet, suché, Kořínek, 0,75l', 12, 1, 3, 11.5, 8.5, 8.6, 2013, 'Hnanice', 'Morava', 'Česká republika'),
(180, 'Ryzlink rýnský, 2013, Kristovy poklady, pozdní sběr, suché, Krist, 0,75l', 12, 1, 4, 11.5, 8.2, 7.7, 2014, 'Milotice', 'Morava', 'Česká republika'),
(181, 'Ryzlink rýnský, 2013, pozdní sběr, Březí-Ořechová hora, polosuché, Volařík, 0,75l', 12, 1, 4, 13, 14, 7.4, 2013, 'Březí', 'Morava', 'Česká republika'),
(182, 'Ryzlink rýnský, 2013, pozdní sběr, Perná-Pravá klentnická, polosuché, Volařík, 0,75l', 12, 1, 4, 13, 17.5, 7.7, 2013, 'Perná', 'Morava', 'Česká republika'),
(183, 'Ryzlink rýnský, 2013, pozdní sběr, polosladké, Ampelos, 0,75l', 12, 1, 4, 11.5, 21.3, 8.1, 2013, 'Vrbovec', 'Morava', 'Česká republika'),
(184, 'Ryzlink rýnský, 2013. pozdní sběr, Slunečná, polosladké, Tanzberg, 0,75l', 12, 1, 4, 11.5, 18.5, 9.5, 2013, 'Bavory', 'Morava', 'Česká republika'),
(185, 'Ryzlink rýnský, pozdní sběr, 2010, Slunečná, suché, Tanzberg, 0,75l', 12, 1, 4, 12.5, 5.1, 8.9, 2010, 'Bavory', 'Morava', 'Česká republika'),
(186, 'Ryzlink rýnský, Premium, 2013, pozdní sběr, suché, Vinařství Štěpánek, 0,75l', 12, 1, 4, 12, NULL, NULL, 2013, 'Mutěnice', 'Morava', 'Česká republika'),
(187, 'Ryzlink rýnský, Sur lie, 2012, pozdní sběr, Bíza, 0,75l', 12, 1, 4, 13, 0.5, 6.3, 2012, 'Čejkovice', 'Morava', 'Česká republika'),
(188, 'Ryzlink vlašský 2012, pozdní sběr, Waldberg, polosuché, Lahofer, 0,75l', 13, 1, 4, 13, 14.7, 6.7, 2012, 'Vrbovec', 'Morava', 'Česká republika'),
(189, 'Ryzlink vlašský Austerlitz, 2012, výběr z hroznů, polosladké, Spielberg, 0,75l', 13, 1, 5, 13, 20.2, 7, 2012, 'Archlebov', 'Morava', 'Česká republika'),
(190, 'Ryzlink vlašský Cépage, 2012, kabinetní, Nové Vinařství, 0,75l', 13, 1, 3, 12, 1.9, 5.6, 2012, 'Drnholec', 'Morava', 'Česká republika'),
(191, 'Ryzlink vlašský Organic, 2012, pozdní sběr, polosuché, Spielberg, 0,75l', 13, 1, 4, 13, 9.7, 5.5, 2012, 'Žarošice', 'Morava', 'Česká republika'),
(192, 'Ryzlink vlašský Terroir, 2012, pozdní sběr, Ořechová hora, polosladké, Volařík, 0,75l', 13, 1, 4, 13, 17.6, 7.4, 2012, 'Březí', 'Morava', 'Česká republika'),
(193, 'Ryzlink vlašský Terroir, 2012, výběr z hroznů, Maňák, 0,75l', 13, 1, 5, 12.5, 11.9, 6.2, 2012, 'Novosedly', 'Morava', 'Česká republika'),
(194, 'Ryzlink vlašský Terroir, 2013, pozdní sběr, Ořechová hora, polosladké, Volařík, 0,75l', 13, 1, 4, 11.5, NULL, NULL, 2013, 'Březí', 'Morava', 'Česká republika'),
(195, 'Ryzlink vlašský Terroir, 2013, pozdní sběr, Železná, polosuché, Volařík, 0,75l', 13, 1, 4, 13.5, 11.3, 6.7, 2013, 'Perná', 'Morava', 'Česká republika'),
(196, 'Ryzlink vlašský Village, 2013, jakostní, suché, Nové Vinařství, 0,75l', 13, 1, 2, 11, 3.7, 7.5, 2013, 'Drnholec', 'Morava', 'Česká republika'),
(197, 'Ryzlink vlašský, 2010, ledové víno, sladké, Volařík, 0,375l', 13, 1, 8, 5, 367.4, 15.6, 2010, 'Dolní Dunajovice', 'Morava', 'Česká republika'),
(198, 'Ryzlink vlašský, 2011, Flower Line, pozdní sběr, suché, Mikrosvín, 0,75l', 13, 1, 4, 12.5, 2.2, 5, 2011, NULL, 'Morava', 'Česká republika'),
(199, 'Ryzlink vlašský, 2011, Ořechová hora, Traditional Line, pozdní sběr, suché, Mikrosvín, 0,75l', 13, 1, 4, 13.5, 2, 4.6, 2011, 'Březí', 'Morava', 'Česká republika'),
(200, 'Ryzlink vlašský, 2011, pozdní sběr, suché, Kolby, 0,75l', 13, 1, 4, 12.5, NULL, NULL, 2011, 'Pouzdřany', 'Morava', 'Česká republika'),
(201, 'Ryzlink vlašský, 2011, pozdní sběr, suché, Spielberg, 0,75l', 13, 1, 4, 13, 5.3, 4.8, 2011, 'Archlebov', 'Morava', 'Česká republika'),
(202, 'Ryzlink vlašský, 2012, Flower Line, pozdní sběr, suché, Mikrosvín, 0,75l', 13, 1, 4, 14, 1.8, 5.8, 2012, 'Březí', 'Morava', 'Česká republika'),
(203, 'Ryzlink vlašský, 2012, pozdní sběr, Collection Ryzlink, Pod Martinkou, 0,75l', 13, 1, 4, 11.5, NULL, NULL, 2012, 'Sedlec', 'Morava', 'Česká republika'),
(204, 'Ryzlink vlašský, 2012, pozdní sběr, Kořínek, 0,75l', 13, 1, 4, 12.7, 9.8, 5.8, 2012, 'Hnanice', 'Morava', 'Česká republika'),
(205, 'Ryzlink vlašský, 2012, pozdní sběr, Perná-Pravá klentnická, Volařík, 0,75l', 13, 1, 4, 13.5, 10.8, 6.7, 2012, 'Perná', 'Morava', 'Česká republika'),
(206, 'Ryzlink vlašský, 2012, pozdní sběr, polosladké, Maňák, 0,75l', 13, 1, 4, 12.5, 17.1, 5.8, 2012, 'Novosedly', 'Morava', 'Česká republika'),
(207, 'Ryzlink vlašský, 2012, pozdní sběr, Žůrek, 0,75l', 13, 1, 4, 12.5, 5.4, 5.5, 2012, 'Kyjov', 'Morava', 'Česká republika'),
(208, 'Ryzlink vlašský, 2012, Standard Line, jakostní, suché, Mikrosvín, 0,75l', 13, 1, 2, 13.5, 3.2, 5.3, 2012, NULL, 'Morava', 'Česká republika'),
(209, 'Ryzlink vlašský, 2012, Výběr z hroznů, Dolina, polosladké, Lahofer, 0,75l', 13, 1, 5, 11.5, 36.7, 7.2, 2012, 'Vrbovec', 'Morava', 'Česká republika'),
(210, 'Ryzlink vlašský, 2013, Classic Range, jakostní, suché, Žůrek, 0,75l', 13, 1, 2, 12.5, 6.4, 5.9, 2013, 'Kyjov', 'Morava', 'Česká republika'),
(211, 'Ryzlink vlašský, 2013, kabinet, suché, Mádl, 0,75l', 13, 1, 3, 12, NULL, NULL, 2013, 'Němčičky', 'Morava', 'Česká republika'),
(212, 'Ryzlink vlašský, 2013, ledové víno, Železná, sladké, Tanzberg, 0,22l', 13, 1, 8, 8.5, 143.1, 8.4, 2013, 'Perná', 'Morava', 'Česká republika'),
(213, 'Ryzlink vlašský, 2013, pozdní sběr, Perná-Pravá klentnická, polosuché, Volařík, 0,75l', 13, 1, 4, 13, 13.4, 6.8, 2013, 'Perná', 'Morava', 'Česká republika'),
(214, 'Ryzlink vlašský, 2013, pozdní sběr, Perná-Purmice, suché, Volařík, 0,75l', 13, 1, 4, 13.5, 4.2, 7.3, 2013, 'Perná', 'Morava', 'Česká republika'),
(215, 'Ryzlink vlašský, 2013, pozdní sběr, Perná-U Boží muky, polosuché, Volařík, 0,75l', 13, 1, 4, 12.5, 9.6, 6.7, 2013, 'Perná', 'Morava', 'Česká republika'),
(216, 'Ryzlink vlašský, 2013, pozdní sběr, suché, Železná, Tanzberg, 0,75l', 13, 1, 4, 12.5, 5.1, 9.6, 2013, 'Perná', 'Morava', 'Česká republika'),
(217, 'Ryzlink vlašský, Exclusive, 2013, pozdní sběr, polosuché, Vinařství Štěpánek, 0,75l', 13, 1, 4, 11, NULL, NULL, 2013, 'Prušánky', 'Morava', 'Česká republika'),
(218, 'Ryzlink vlašský, kabinet, 2012, suché, Spielberg, 0,75l', 13, 1, 3, 11.5, 6.7, 6.3, 2011, 'Žarošice', 'Morava', 'Česká republika'),
(219, 'Ryzlink vlašský, pozdní sběr, 2012, Goldhamer, suché, Tanzberg, 0,75l', 13, 1, 4, 13, 0.3, 6.3, 2012, 'Perná', 'Morava', 'Česká republika'),
(220, 'Ryzlink vlašský, pozdní sběr, 2012, suché, Gala, 0,75l', 13, 1, 4, 13.5, NULL, NULL, 2012, 'Bavory', 'Morava', 'Česká republika'),
(221, 'Ryzlink vlašský, pozdní sběr, 2012, suché, Spielberg, 0,75l', 13, 1, 4, 12.5, 4.7, 6.7, 2012, 'Archlebov', 'Morava', 'Česká republika'),
(222, 'Ryzlink vlašský, Premium, 2013, kabinet, suché, Štěpánek, 0,75l', 13, 1, 3, 9.5, 2.9, 8.1, 2013, 'Svatobořice-Mistřín', 'Morava', 'Česká republika'),
(223, 'Sauvignon 2012, pozdní sběr, Šác, suché, Hort, 0,75l', 14, 1, 4, 13, 6.1, 7.4, 2012, 'Vrbovec', 'Morava', 'Česká republika'),
(224, 'Sauvignon 2012, výběr z bobulí, U Hájku, sladké, Lahofer, 0,75l', 14, 1, 6, 11.5, 64.8, 6.8, 2012, 'Dobšice', 'Morava', 'Česká republika'),
(225, 'Sauvignon barrique, 2012, slámové víno, sladké, Maňák, 0,2l ', 14, 1, 9, 8.5, 262.1, 8.4, 2012, 'Žádovice', 'Morava', 'Česká republika'),
(226, 'Sauvignon Blanc, 2012, pozdní sběr, suché, Piálek & Jäger, 0,75l', 14, 1, 4, 14, 5, 5.8, 2012, 'Nový Šaldorf', 'Morava', 'Česká republika'),
(227, 'Sauvignon Cépage, 2011, výběr z bobulí, Nové Vinařství, 0,75l', 14, 1, 6, 10, 100.9, 8, 2011, 'Nový Přerov', 'Morava', 'Česká republika'),
(228, 'Sauvignon Cépage, 2012, pozdní sběr, Nové Vinařství, 0,75l', 14, 1, 4, 13, 3.1, 6.6, 2012, 'Nový Přerov', 'Morava', 'Česká republika'),
(229, 'Sauvignon KRAVÁK, 2012, pozdní sběr, polosuché, Piálek & Jäger, 0,75l', 14, 1, 4, 13.5, 9.2, 5.9, 2012, 'Nový Šaldorf', 'Morava', 'Česká republika'),
(230, 'Sauvignon, 2008, pozdní sběr, suché, Sonberk, 0,75l', 14, 1, 4, 13.5, 4.4, 8, 2008, 'Popice', 'Morava', 'Česká republika'),
(231, 'Sauvignon, 2010, kabinetní, suché, Valihrach, 0,75l', 14, 1, 3, 12, NULL, NULL, 2012, 'Krumvíř', 'Morava', 'Česká republika'),
(232, 'Sauvignon, 2010, Kristovy poklady, pozdní sběr, polosuché, Krist, 0,75l', 14, 1, 4, 12, 17, 8, 2010, 'Milotice', 'Morava', 'Česká republika'),
(233, 'Sauvignon, 2010, pozdní sběr, suché, Sonberk, 0,75l', 14, 1, 4, 13.5, 4, 8.3, 2010, 'Popice', 'Morava', 'Česká republika'),
(234, 'Sauvignon, 2011, jakostní, polosuché, Kolby, 0,75l', 14, 1, 2, 13, NULL, NULL, 2011, 'Pouzdřany', 'Morava', 'Česká republika'),
(235, 'Sauvignon, 2011, pozdní sběr, Perná-Levá klentnická, Volařík, 0,75l', 14, 1, 4, 13, 2.2, 6.2, 2011, 'Perná', 'Morava', 'Česká republika'),
(236, 'Sauvignon, 2011, pozdní sběr, suché, Gotberg, 0,75l', 14, 1, 4, 13, 2, 6.7, 2011, 'Popice', 'Morava', 'Česká republika'),
(237, 'Sauvignon, 2011, pozdní sběr, suché, Spielberg, 0,75l', 14, 1, 4, 13, 1.9, 5.7, 2011, 'Žarošice', 'Morava', 'Česká republika'),
(238, 'Sauvignon, 2011, Přední hora, pozdní sběr, suché, Mádl, 0,75l', 14, 1, 4, 13, NULL, NULL, 2011, 'Velké Bílovice', 'Morava', 'Česká republika'),
(239, 'Sauvignon, 2011, slámové víno, sladké, Maňák, 0,375l', 14, 1, 9, 10, NULL, NULL, 2011, 'Žádovice', 'Morava', 'Česká republika'),
(240, 'Sauvignon, 2011, výběr z hroznů, polosladké, Piálek & Jäger, 0,5l', 14, 1, 5, 13, 33.8, 5.9, 2011, 'Nový Šaldorf', 'Morava', 'Česká republika'),
(241, 'Sauvignon, 2012, Kristovy poklady, výběr z bobulí, sladké, Krist, 0,75l', 14, 1, 6, 11, 57, 6.5, 2012, 'Nechvalín', 'Morava', 'Česká republika'),
(242, 'Sauvignon, 2012, pozdní sběr, Syfany, 0,75l', 14, 1, 4, 13.5, 1.1, 7.4, 2012, 'Velké Pavlovice', 'Morava', 'Česká republika'),
(243, 'Sauvignon, 2012, výběr z hroznů, polosladké, Maňák, 0,75l', 14, 1, 5, 12.5, 36, 5.4, 2012, 'Strážnice', 'Morava', 'Česká republika'),
(244, 'Sauvignon, 2013, Flower Line, pozdní sběr, suché, Mikrosvín, 0,75l', 14, 1, 4, 11.5, 5.9, 8.7, 2013, 'Vracov', 'Morava', 'Česká republika'),
(245, 'Sauvignon, 2013, kabinet, suché, Krist, 0,75l', 14, 1, 3, 12, 3.6, 6, 2013, 'Strážnice', 'Morava', 'Česká republika'),
(246, 'Sauvignon, 2013, kabinet, suché, Mádl, 0,75l', 14, 1, 4, 12, NULL, NULL, 2013, 'Velké Bílovice', 'Morava', 'Česká republika'),
(247, 'Sauvignon, 2013, pozdní sběr, polosladké, Ampelos, 0,75l', 14, 1, 4, 11.5, 23.4, 9.5, 2013, 'Vrbovec', 'Morava', 'Česká republika'),
(248, 'Sauvignon, 2013, pozdní sběr, polosuché, Mádl, 0,75l', 14, 1, 4, 12.5, 9.6, 7.4, 2013, 'Velké Bílovice', 'Morava', 'Česká republika'),
(249, 'Sauvignon, 2013, pozdní sběr, suché, Maňák, 0,75l', 14, 1, 4, 13, 7.9, 6.9, 2013, 'Strážnice', 'Morava', 'Česká republika'),
(250, 'Sauvignon, 2013, Premium, pozdní sběr, suché, Štěpánek, 0,75l', 14, 1, 4, 13, 4.8, 6.5, 2013, 'Mutěnice', 'Morava', 'Česká republika'),
(251, 'Sauvignon, Exclusive, 2013, pozdní sběr, polosladké, Vinařství Štěpánek, 0,75l', 14, 1, 4, 10.5, 35.2, 8.9, 2013, 'Mutěnice', 'Morava', 'Česká republika'),
(252, 'Sauvignon, pozdní sběr, 2012, suché, Gala, 0,75l', 14, 1, 4, 13.5, NULL, NULL, 2012, 'Bavory', 'Morava', 'Česká republika'),
(253, 'Sauvignon, pozdní sběr, 2012, Turold, suché, Tanzberg, 0,75l', 14, 1, 4, 13.5, 5.9, 7.1, 2012, 'Mikulov', 'Morava', 'Česká republika'),
(254, 'Sylvánské zelené, 1993, suché, Valihrach, 0,75l', 15, 1, 2, 12.5, NULL, NULL, 1993, 'Krumvíř', 'Morava', 'Česká republika'),
(255, 'Sylvánské zelené, 2010, pozdní sběr, suché, Mádl, 0,75l', 15, 1, 4, 13, NULL, NULL, 2010, 'Boleradice', 'Morava', 'Česká republika'),
(256, 'Sylvánské zelené, 2011, pozdní sběr, Krist, 0,75l', 15, 1, 4, NULL, 9.7, 7.5, 2011, 'Milotice', 'Morava', 'Česká republika'),
(257, 'Sylvánské zelené, 2011, pozdní sběr, suché, Gotberg, 0,75l', 15, 1, 4, 12.5, 1.6, 6.9, 2011, 'Popice', 'Morava', 'Česká republika'),
(258, 'Sylvánské zelené, 2012, pozdní sběr, polosuché, Piálek & Jäger, 0,75l', 15, 1, 4, 13.1, 8.2, 5.9, 2012, 'Chvalovice', 'Morava', 'Česká republika'),
(259, 'Sylvánské zelené, 2012, výběr z hroznů, polosladké, Maňák, 0,75l', 15, 1, 5, 13, 11.3, 5.5, 2012, 'Žádovice', 'Morava', 'Česká republika'),
(260, 'Sylvánské zelené, 2013, Extra Range, jakostní, polosuché, Žůrek, 0,75l', 15, 1, 2, 12, 9.2, 6.6, 2013, 'Čejkovice', 'Morava', 'Česká republika'),
(261, 'Sylvánské zelené, 2013, pozdní sběr, suché, Ampelos, 0,75l', 15, 1, 4, 12.5, 8.3, 7.6, 2013, 'Vrbovec', 'Morava', 'Česká republika'),
(262, 'Sylvánské zelené, Exclusive, 2013, pozdní sběr, polosuché, Vinařství Štěpánek, 0,75l', 15, 1, 4, 10, 12.5, 6, 2013, 'Čejkovice', 'Morava', 'Česká republika'),
(263, 'Tramín červený 2011, výběr z hroznů, polosuché, Lahofer, 0,75l', 16, 1, 5, 13, 13, 6.5, 2011, 'Dobšice', 'Morava', 'Česká republika'),
(264, 'Tramín červený Cépage, 2011, výběr z bobulí, sladké, Nové Vinařství, 0,375l', 16, 1, 6, 9.5, 96.7, 6.5, 2011, 'Drnholec', 'Morava', 'Česká republika'),
(265, 'Tramín červený Cépage, 2012, pozdní sběr, Nové Vinařství, 0,75l', 16, 1, 4, 13, 9.8, 5.6, 2012, 'Nový Přerov', 'Morava', 'Česká republika'),
(266, 'Tramín červený Emballage, 2011, Nové vinařství, 0,75l', 16, 1, 2, 12, 14.9, 6.4, 2011, NULL, 'Morava', 'Česká republika'),
(267, 'Tramín červený Village, 2012, pozdní sběr, polosuché, Nové vinařství, 0,75l', 16, 1, 4, 13, 9.8, 5.6, 2012, 'Nový Přerov', 'Morava', 'Česká republika'),
(268, 'Tramín červený, 2008, výběr z cibéb, sladké, Volařík, 0,375l', 16, 1, 7, 7, 286, 6.1, 2008, 'Perná', 'Morava', 'Česká republika'),
(269, 'Tramín červený, 2009, ledové víno, sladké, Krist, 0,375l', 16, 1, 8, 11.5, 39, 8, 2009, 'Milotice', 'Morava', 'Česká republika'),
(270, 'Tramín červený, 2009, výběr z hroznů, polosuché, Valihrach, 0,75l', 16, 1, 5, 11.5, NULL, NULL, 2011, 'Krumvíř', 'Morava', 'Česká republika'),
(271, 'Tramín červený, 2011, pozdní sběr, polosuché, Gotberg, 0,75l', 16, 1, 4, 13, 11.8, 6.7, 2011, 'Popice', 'Morava', 'Česká republika'),
(272, 'Tramín červený, 2011, výběr z bobulí, polosladké, Tasovické vinařství, 0,5l', 16, 1, 6, 12, 21.3, 7, 2011, 'Tasovice', 'Morava', 'Česká republika'),
(273, 'Tramín červený, 2011, výběr z bobulí, sladké, Piálek & Jäger, 0,5l', 16, 1, 6, 12.4, 52.8, 5.6, 2011, 'Nový Šaldorf', 'Morava', 'Česká republika'),
(274, 'Tramín červený, 2011, výběr z hroznů, Krist, 0,75l', 16, 1, 5, 12.5, 15, 5.5, 2011, 'Milotice', 'Morava', 'Česká republika'),
(275, 'Tramín červený, 2011, výběr z hroznů, polosladké, Valihrach, 0,75l', 16, 1, 5, 11.5, NULL, NULL, 2011, 'Krumvíř', 'Morava', 'Česká republika'),
(276, 'Tramín červený, 2011, výběr z hroznů, suché, Tasovické vinařství, 0,75l', 16, 1, 5, 14, 2.5, 5.8, 2011, 'Tasovice', 'Morava', 'Česká republika'),
(277, 'Tramín červený, 2012, Flower Line, pozdní sběr, polosuché, Mikrosvín, 0,75l', 16, 1, 4, 14, 14.5, 5.4, 2012, 'Dolní Dunajovice', 'Morava', 'Česká republika'),
(278, 'Tramín červený, 2012, kabinetní, Kořínek, 0,75l', 16, 1, 3, 11.5, 21.7, 5.2, 2012, 'Vrbovec', 'Morava', 'Česká republika'),
(279, 'Tramín červený, 2012, pozdní sběr, polosuché, Mádl, 0,75l', 16, 1, 4, 13, NULL, NULL, 2012, 'Velké Bílovice', 'Morava', 'Česká republika'),
(280, 'Tramín červený, 2012, výběr z hroznů, polosladké, Maňák, 0,75l', 16, 1, 5, 12, 22.8, 4.9, 2012, 'Žádovice', 'Morava', 'Česká republika'),
(281, 'Tramín červený, 2013, Exclusive, pozdní sběr, polosladké, Štěpánek, 0,75l', 16, 1, 4, 10.5, 25.9, 6.5, 2013, 'Čejkovice', 'Morava', 'Česká republika'),
(282, 'Tramín červený, 2013, Extra Range, pozdní sběr, polosladké, Žůrek, 0,75l', 16, 1, 4, 12, 13.3, 5.7, 2013, 'Kyjov', 'Morava', 'Česká republika'),
(283, 'Tramín červený, 2013, Flower Line, pozdní sběr, suché, Mikrosvín, 0,75l', 16, 1, 4, 13, 4.6, 6.7, 2013, 'Dolní Dunajovice', 'Morava', 'Česká republika'),
(284, 'Tramín červený, 2013, pozdní sběr, Dolní Dunajovice-Plotny, polosuché, Volařík, 0,75l', 16, 1, 4, 13, 13.3, 5.9, 2013, 'Dolní Dunajovice', 'Morava', 'Česká republika'),
(285, 'Tramín červený, 2013, pozdní sběr, Perná-U Boží muky, suché, Volařík, 0,75l', 16, 1, 4, 13.5, 6.7, 5.8, 2013, 'Perná', 'Morava', 'Česká republika'),
(286, 'Tramín červený, 2013, pozdní sběr, polosuché, Ampelos, 0,75l', 16, 1, 4, 12.5, 15.1, 6.5, 2013, 'Vrbovec', 'Morava', 'Česká republika'),
(287, 'Tramín červený, 2013, Premium, pozdní sběr, suché, Kořínek, 0,75l', 16, 1, 4, 13, 3.3, 5.7, 2013, 'Hnanice', 'Morava', 'Česká republika'),
(288, 'Tramín červený, 2013, výběr z hroznů, polosladké, Vajbar, 0,75l', 16, 1, 5, 12.5, NULL, NULL, 2013, 'Vrbice', 'Morava', 'Česká republika'),
(289, 'Tramín červený, 2013, výběr z hroznů, polosuché, Čech, 0,75l', 16, 1, 5, 14, NULL, NULL, 2013, 'Tvrdonice', 'Morava', 'Česká republika'),
(290, 'Veltlínské zelené Cépage, 2012, kabinetní, Nové Vinařství, 0,75l', 17, 1, 3, 12.5, 2.1, 6.5, 2012, 'Těšetice', 'Morava', 'Česká republika'),
(291, 'Veltlínské zelené Cépage, 2012, pozdní sběr, suché, Nové Vinařství', 17, 1, 4, 13, 1.3, 5.4, 2012, 'Drnholec', 'Morava', 'Česká republika'),
(292, 'Veltlínské zelené Terroir, 2012, pozdní sběr, Maňák, 0,75l', 17, 1, 4, 12.5, 3.2, 6.4, 2012, 'Dolní Věstonice', 'Morava', 'Česká republika'),
(293, 'Veltlínské zelené Terroir, 2012, výběr z hroznů, Věstoňsko, polosladké, Volařík, 0,75l', 17, 1, 5, 13.5, 17.8, 6.8, 2012, 'Perná', 'Morava', 'Česká republika'),
(294, 'Veltlínské zelené Village, 2013, jakostní, suché, Nové Vinařství, 0,75l', 17, 1, 2, 11, 4.5, 7.2, 2013, 'Drnholec', 'Morava', 'Česká republika'),
(295, 'Veltlínské zelené, 2000, Premium Line, výběr z bobulí, sladké, Mikrosvín, 0,375l', 17, 1, 6, 8.1, 323, 7.9, 2000, 'Březí', 'Morava', 'Česká republika'),
(296, 'Veltlínské zelené, 2002, výběr z bobulí, polosladké, Valihrach, 0,5l', 17, 1, 6, 13.5, NULL, NULL, 2002, 'Krumvíř', 'Morava', 'Česká republika'),
(297, 'Veltlínské zelené, 2008, ledové, sladké, Ampelos, 0,2l', 17, 1, 8, 8.5, 209.5, 7.8, 2008, 'Vrbovec', 'Morava', 'Česká republika'),
(298, 'Veltlínské zelené, 2011, Daniel, Traditional Line, pozdní sběr, suché, Mikrosvín, 0,75l', 17, 1, 4, 12.5, 1.7, 5.7, 2011, 'Dobré pole', 'Morava', 'Česká republika'),
(299, 'Veltlínské zelené, 2011, jakostní, suché, Kolby, 0,75l', 17, 1, 2, 12, NULL, NULL, 2011, 'Pouzdřany', 'Morava', 'Česká republika'),
(300, 'Veltlínské zelené, 2011, Standard Line, jakostní, suché, Mikrosvín, 0,75l', 17, 1, 2, 12.5, 0.7, 5.3, 2011, NULL, 'Morava', 'Česká republika'),
(301, 'Veltlínské zelené, 2011, výběr z hroznů, polosladké, Krist, 0,75l', 17, 1, 5, 12, 28, 6, 2011, 'Nechvalín', 'Morava', 'Česká republika'),
(302, 'Veltlínské zelené, 2012, Flower Line, pozdní sběr, suché, Mikrosvín, 0,75l', 17, 1, 4, 13, 3.4, 5.4, 2012, 'Dolní Dunajovice', 'Morava', 'Česká republika'),
(303, 'Veltlínské zelené, 2012, pozdní sběr, Bíza, 0,75l', 17, 1, 4, 12, 4.1, 5.9, 2012, 'Čejkovice', 'Morava', 'Česká republika'),
(304, 'Veltlínské zelené, 2012, výběr z hroznů, Maňák, 0,75l', 17, 1, 5, 12, 15, 5.8, 2012, 'Sedlec', 'Morava', 'Česká republika'),
(305, 'Veltlínské zelené, 2012, výběr z hroznů, Perná-Věstoňsko, polosuché, Volařík, 0,75l', 17, 1, 5, 13.5, 14.6, 8.1, 2012, 'Perná', 'Morava', 'Česká republika'),
(306, 'Veltlínské zelené, 2012, Žůrek, 0,75l', 17, 1, 2, 12, 5.3, 5.7, 2012, 'Kyjov', 'Morava', 'Česká republika'),
(307, 'Veltlínské zelené, 2013, Classic Range, jakostní, suché, Žůrek, 0,75l', 17, 1, 2, 12, 3.9, 5.2, 2013, 'Kyjov', 'Morava', 'Česká republika'),
(308, 'Veltlínské zelené, 2013, Exclusive, pozdní sběr, polosuché, Štěpánek, 0,75l', 17, 1, 4, 9.5, 13.1, 7.6, 2013, 'Prušánky', 'Morava', 'Česká republika'),
(309, 'Veltlínské zelené, 2013, Extra, pozdní sběr, suché, Piálek & Jäger, 0,75l', 17, 1, 4, 12, 1.5, 6, 2013, 'Vrbovec', 'Morava', 'Česká republika'),
(310, 'Veltlínské zelené, 2013, kabinet, suché, Hort, 0,75l', 17, 1, 3, 11.5, 5.3, 7.3, 2013, 'Vrbovec', 'Morava', 'Česká republika'),
(311, 'Veltlínské zelené, 2013, kabinet, suché, Kořínek, 0,75l', 17, 1, 3, 12, 3.1, 6.9, 2013, 'Vrbovec', 'Morava', 'Česká republika'),
(312, 'Veltlínské zelené, 2013, kabinet, suché, Krist, 0,75l', 17, 1, 3, 12, 3.5, 6.5, 2013, 'Nechvalín', 'Morava', 'Česká republika'),
(313, 'Veltlínské zelené, 2013, kabinet, suché, Mádl, 0,75l', 17, 1, 3, 12, NULL, NULL, 2013, 'Velké Bílovice', 'Morava', 'Česká republika'),
(314, 'Veltlínské zelené, 2013, kabinet, suché, Piálek & Jäger, 0,75l', 17, 1, 3, 11, 3.5, 6.8, 2013, 'Vrbovec', 'Morava', 'Česká republika'),
(315, 'Veltlínské zelené, 2013, kabinetní, Perná-Věstoňsko, polosuché, Volařík, 0,75l', 17, 1, 3, 11, 13.9, 7.9, 2013, 'Perná', 'Morava', 'Česká republika'),
(316, 'Veltlínské zelené, 2013, pozdní sběr, Březí-Ořechová hora, polosladké, Volařík, 0,75l', 17, 1, 4, 11.5, 24, 8.1, 2013, 'Březí', 'Morava', 'Česká republika'),
(317, 'Veltlínské zelené, 2013, pozdní sběr, Perná-Věstoňsko, suché, Volařík, 0,75l', 17, 1, 4, 12.5, 8.4, 7.2, 2013, 'Perná', 'Morava', 'Česká republika'),
(318, 'Veltlínské zelené, 2013, pozdní sběr, suché, Ampelos, 0,75l', 17, 1, 4, 12, 3.1, 7.3, 2013, 'Vrbovec', 'Morava', 'Česká republika'),
(319, 'Veltlínské zelené, 2013, pozdní sběr, suché, Čech, 0,75l', 17, 1, 4, 12, NULL, NULL, 2013, 'Tvrdonice', 'Morava', 'Česká republika'),
(320, 'Veltlínské zelené, 2013, pozdní sběr, suché, Maňák, 0,75l', 17, 1, 4, 12.5, 8.4, 6.5, 2013, 'Novosedly', 'Morava', 'Česká republika'),
(321, 'Veltlínské zelené, 2013, Premium, pozdní sběr, suché, Štěpánek, 0,75l', 17, 1, 4, 12, 3, 7, 2013, 'Prušánky', 'Morava', 'Česká republika'),
(322, 'Veltlínské zelené, 2013, výběr z hroznů, polosladké, Maňák, 0,75', 17, 1, 5, 12, 19.6, 6.5, 2013, 'Sedlec', 'Morava', 'Česká republika'),
(323, 'Veltlínské zelené, Classic, 2011, pozdní sběr, suché, Rajhradské Klášterní, 0,75l', 17, 1, 4, 12.5, 2.3, 6.7, 2011, 'Rajhrad', 'Morava', 'Česká republika'),
(324, 'André, 2009, pozdní sběr, Syfany, 0,75l', 18, 2, 4, 13, NULL, 6.7, 2012, 'Vrbice', 'Morava', 'Česká republika');
INSERT INTO `wine` (`id`, `name`, `varietyId`, `colorId`, `classificationId`, `alcohol`, `sugar`, `acid`, `year`, `town`, `region`, `country`) VALUES
(325, 'André, 2010, jakostní, suché, Ampelos, 0,75l', 18, 2, 2, 12.5, 0.2, 6.3, 2010, 'Vrbovec', 'Morava', 'Česká republika'),
(326, 'André, 2011, pozdní sběr, Syfany, 0,75l', 18, 2, 4, 12.5, 0.2, 6.5, 2011, 'Vrbice', 'Morava', 'Česká republika'),
(327, 'André, 2012, Žůrek, 0,75l', 18, 2, 2, 11, 1.5, 6.7, 2012, 'Kyjov', 'Morava', 'Česká republika'),
(328, 'Cabernet moravia, 2012, Žůrek, 0,75l', 19, 2, 2, 12, 0.7, 5.9, 2012, 'Ratíškovice', 'Morava', 'Česká republika'),
(329, 'Cabernet sauvignon barrique, 2012, pozdní sběr, suché, Maňák, 0,75l', 20, 2, 4, 12.5, 2.6, 5.9, 2012, 'Novosedly', 'Morava', 'Česká republika'),
(330, 'Cabernet sauvignon, 1993, suché, Valihrach, 0,75l', 20, 2, 2, 13, NULL, NULL, 1993, 'Krumvíř', 'Morava', 'Česká republika'),
(331, 'Cabernet sauvignon, 2011, výběr z hroznů, polosuché, Krist, 0,75l', 20, 2, 5, 12.5, 12, 6, 2011, 'Kyjov', 'Morava', 'Česká republika'),
(332, 'Cabernet sauvignon, 2011, výběr z hroznů, suché, Moravíno, 0,75l', 20, 2, 5, 13, 1.9, 5.6, 2011, 'Mikulov', 'Morava', 'Česká republika'),
(333, 'Cabernet sauvignon, 2012, pozdní sběr, suché, Moravíno, 0,75l', 20, 2, 4, 13.5, 3.7, 4.9, 2012, 'Mikulov', 'Morava', 'Česká republika'),
(334, 'Cabernet sauvignon, 2012, pozdní sběr, Žůrek, 0,75l', 20, 2, 4, 12, 5, 6.6, 2012, 'Kyjov', 'Morava', 'Česká republika'),
(335, 'Cabernet sauvignon, 2013, Extra Rarge, pozdní sběr, suché, Žůrek, 0,75l', 20, 2, 4, 12, 3.8, 5.2, 2013, 'Kyjov', 'Morava', 'Česká republika'),
(336, 'Cabernet sauvignon, 2013, Premium, pozdní sběr, polosladké, Štěpánek, 0,75l', 20, 2, 4, 11, 32, 5.3, 2013, 'Mutěnice', 'Morava', 'Česká republika'),
(337, 'Cabernet sauvignon, pozdní sběr, 2008, Turold, suché, Tanzberg, 0,75l', 20, 2, 4, 13, 0.1, 4.9, 2008, 'Mikulov', 'Morava', 'Česká republika'),
(338, 'Dornfelder barrique, 2011, výběr z hroznů, suché, Maňák, 0,75l', 21, 2, 5, 13.5, 2.6, 5.5, 2011, 'Šardice', 'Morava', 'Česká republika'),
(339, 'Dornfelder, 2012, pozdní sběr, Volné pole, suché, Lahofer, 0,75l', 21, 2, 4, 12.5, 0.4, 5.1, 2012, 'Hostěradice', 'Morava', 'Česká republika'),
(340, 'Dornfelder, 2012, výběr z hroznů, suché, Maňák, 0,75l', 21, 2, 5, 13.5, 2.1, 5.2, 2012, 'Šardice', 'Morava', 'Česká republika'),
(341, 'Dornfelder, 2013, Extra Range, pozdní sběr, suché, Žůrek, 0,75l', 21, 2, 4, 11.5, 4.5, 4.9, 2013, 'Čejkovice', 'Morava', 'Česká republika'),
(342, 'Dornfelder, 2013, Premium, pozdní sběr, suché, Štěpánek, 0,75l', 21, 2, 4, 11.5, 12, 4.9, 2013, 'Čejkovice', 'Morava', 'Česká republika'),
(343, 'Frankovka barrique, 2007, pozdní sběr, suché, Mádl, 0,75l', 22, 2, 4, 12.5, NULL, NULL, 2007, 'Velké Bílovice', 'Morava', 'Česká republika'),
(344, 'Frankovka barrique, 2012, pozdní sběr, suché, Moravíno, 0,75l', 22, 2, 4, 13.5, 2, 4.8, 2012, 'Mikulov', 'Morava', 'Česká republika'),
(345, 'Frankovka, 2009, pozdní sběr, suché, Mádl, 0,75l', 22, 2, 4, 14, NULL, NULL, 2009, 'Velké Bílovice', 'Morava', 'Česká republika'),
(346, 'Frankovka, 2010, jakostní, suché, Mádl, 0,75l', 22, 2, 2, 12.5, NULL, NULL, 2010, 'Velké Bílovice', 'Morava', 'Česká republika'),
(347, 'Frankovka, 2011, Exclusive, pozdní sběr, suché, Rajhradské Klášterní, 0,75l', 22, 2, 4, 12, 0.3, 5.8, 2011, 'Dolní Kounice', 'Morava', 'Česká republika'),
(348, 'Frankovka, 2011, pozdní sběr, suché, Žůrek, 0,75l', 22, 2, 4, 11.5, NULL, NULL, 2011, 'Kyjov', 'Morava', 'Česká republika'),
(349, 'Frankovka, 2012, pozdní sběr, Žůrek, 0,75l', 22, 2, 4, 11.5, 2.7, 5.6, 2012, 'Kyjov', 'Morava', 'Česká republika'),
(350, 'Frankovka, 2012, slámové víno, sladké, Maňák, 0,2l', 22, 2, 9, 9, 161.7, 8, 2012, 'Šardice', 'Morava', 'Česká republika'),
(351, 'Frankovka, 2012, výběr z hroznů, suché, Maňák, 0,75l', 22, 2, 5, 12.5, 2, 5.6, 2012, 'Novosedly', 'Morava', 'Česká republika'),
(352, 'Frankovka, 2013, ledové víno, sladké, Maňák, 0,2l', 22, 2, 8, 9.5, 100, 7.3, 2013, 'Šardice', 'Morava', 'Česká republika'),
(353, 'Frankovka, 2013, pozdní sběr, suché, Vajbar, 0,75l', 22, 2, 4, 12.5, NULL, NULL, 2013, 'Zaječí', 'Morava', 'Česká republika'),
(354, 'Frankovka, pozdní sběr, 2011, Turold, suché, Tanzberg, 0,75l', 22, 2, 4, 12.5, 0.4, 6, 2011, 'Mikulov', 'Morava', 'Česká republika'),
(355, 'Frankovka, Premium, 2012, výběr z hroznů, suché, Vinařství Štěpánek, 0,75l', 22, 2, 5, 13, 0.5, 4.9, 2012, 'Mutěnice', 'Morava', 'Česká republika'),
(356, 'Merlot - Frankovka, výběr z hroznů, suché, Gala, 0,75l', 22, 2, 5, 14, NULL, NULL, 2012, 'Bavory', 'Morava', 'Česká republika'),
(357, 'Merlot barrique, 2004, pozdní sběr, suché, Valihrach, 0,75l', 23, 2, 4, 12.5, NULL, NULL, 2004, 'Krumvíř', 'Morava', 'Česká republika'),
(358, 'Merlot barrique, 2010, slámové víno, sladké, Maňák, 0,375l', 23, 2, 9, 8, NULL, NULL, 2010, 'Žádovice', 'Morava', 'Česká republika'),
(359, 'Merlot barrique, 2012, výběr z hroznů, suché, Maňák, 0,75l', 23, 2, 5, 12.5, 2.9, 6.3, 2012, 'Žádovice', 'Morava', 'Česká republika'),
(360, 'Merlot, 2011, Flower Line, pozdní sběr, suché, Mikrosvín, 0,75l', 23, 2, 4, 12, 0.5, 5.3, 2010, 'Dolní Dunajovice', 'Morava', 'Česká republika'),
(361, 'Merlot, 2011, výběr z hroznů, Krist, 0,75l', 23, 2, 5, 13, 2, 5.5, 2011, 'Strážnice', 'Morava', 'Česká republika'),
(362, 'Merlot, 2011, výběr z hroznů, suché, Gotberg, 0,75l', 23, 2, 5, 14.5, 1.1, 5, 2011, 'Popice', 'Morava', 'Česká republika'),
(363, 'Merlot, 2011, výběr z hroznů, suché, Moravíno, 0,75l', 23, 2, 5, 13.5, 2.5, 5.2, 2011, 'Valtice', 'Morava', 'Česká republika'),
(364, 'Merlot, výběr z hroznů, 2009, Pod Pálavou, suché, Tanzberg, 0,75l', 23, 2, 5, 14, 0.8, 4.6, 2009, 'Bavory', 'Morava', 'Česká republika'),
(365, 'Modrý portugal, 2009, jakostní, suché, Kolby, 0,75l', 24, 2, 2, 12, NULL, NULL, 2009, 'Pouzdřany', 'Morava', 'Česká republika'),
(366, 'Modrý portugal, 2010, pozdní sběr, suché, Moravíno, 0,75l', 24, 2, 4, 13, NULL, NULL, 2010, 'Mikulov', 'Morava', 'Česká republika'),
(367, 'Modrý portugal, 2011, Classic, jakostní, suché, Rajhradské Klášterní, 0,75l', 24, 2, 2, 12, 0.1, 4.7, 2011, 'Blučina', 'Morava', 'Česká republika'),
(368, 'Modrý portugal, 2011, pozdní sběr, Syfany, 0,75l', 24, 2, 4, 12.5, 0, 6, 2011, 'Velké Pavlovice', 'Morava', 'Česká republika'),
(369, 'Modrý portugal, 2011, výběr z hroznů, suché, Krist, 0,75l', 24, 2, 5, 12.5, 5.8, 5, 2011, 'Strážnice', 'Morava', 'Česká republika'),
(370, 'Modrý portugal, 2012, jakostní, suché, Mádl, 0,75l', 24, 2, 4, 12.5, NULL, NULL, 2012, 'Velké Bílovice', 'Morava', 'Česká republika'),
(371, 'Modrý portugal, 2012, Lampelberg, suché, Lahofer, 0,75l', 24, 2, 2, 12.5, 0.3, 5.1, 2012, 'Vrbovec', 'Morava', 'Česká republika'),
(372, 'Modrý portugal, 2012, pozdní sběr, suché, Ampelos, 0,75l', 24, 2, 4, 12, 0.6, 4.6, 2012, 'Vrbovec', 'Morava', 'Česká republika'),
(373, 'Modrý portugal, 2012, Žůrek, 0,75l', 24, 2, 2, 12, 1.1, 6.2, 2012, 'Strachotín', 'Morava', 'Česká republika'),
(374, 'Modrý portugal, 2013, pozdní sběr, suché, Bíza, 0,75l', 24, 2, 4, 13, 0.6, 4.6, 2013, 'Čejkovice', 'Morava', 'Česká republika'),
(375, 'Modrý portugal, pozdní sběr, 2011, suché, Spielberg, 0,75l', 24, 2, 4, 12.5, 0.6, 5.1, 2011, 'Archlebov', 'Morava', 'Česká republika'),
(376, 'Neronet, 2011, jakostní, Ampelos, 0,75l', 25, 2, 2, 13, 1.5, 6.5, 2011, 'Vrbovec', 'Morava', 'Česká republika'),
(377, 'Neronet, 2011, pozdní sběr, suché, Krist, 0,75l', 25, 2, 4, 12, 5, 6, 2011, 'Čejkovice', 'Morava', 'Česká republika'),
(378, 'Neronet, 2011, pozdní sběr, Žůrek, 0,75l', 25, 2, 4, 11, 7.3, 5.2, 2011, 'Polešovice', 'Morava', 'Česká republika'),
(379, 'Neronet, 2011, slámové víno, sladké, Bíza, 0,2l', 25, 2, 9, 9, 200, NULL, 2011, 'Čejkovice', 'Morava', 'Česká republika'),
(380, 'Neronet, 2012, pozdní sběr, suché, Maňák, 0,75l', 25, 2, 4, 12, 0.5, 6.2, 2012, 'Novosedly', 'Morava', 'Česká republika'),
(381, 'Neronet, 2012, pozdní sběr, Žůrek, 0,75l', 25, 2, 4, 11, 2.7, 5.5, 2012, 'Polešovice', 'Morava', 'Česká republika'),
(382, 'Neronet, 2013, Extra Range, pozdní sběr, suché, Žůrek, 0,75l', 25, 2, 4, 11, 6, 5.5, 2013, 'Polešovice', 'Morava', 'Česká republika'),
(383, 'Rulandské modré barrique, 2005, výběr z hroznů, suché, Valihrach, 0,75l', 26, 2, 5, 13.5, NULL, NULL, 2005, 'Krumvíř', 'Morava', 'Česká republika'),
(384, 'Rulandské modré klaret, 2012, výběr z hroznů, Maňák, 0,75l', 26, 2, 2, 12.5, 16.7, 6.9, 2012, 'Novosedly', 'Morava', 'Česká republika'),
(385, 'Rulandské modré, 2010, Standard Line, jakostní, suché, Mikrosvín, 0,75l', 26, 2, 2, 12, 0.3, 5.2, 2010, NULL, 'Morava', 'Česká republika'),
(386, 'Rulandské modré, 2011, pozdní sběr, suché, Ampelos, 0,75l', 26, 2, 4, 13, 0.5, 6.5, 2011, 'Vrbovec', 'Morava', 'Česká republika'),
(387, 'Rulandské modré, 2011, pozdní sběr, Waldberg, suché, Lahofer, 0,75l', 26, 2, 4, 13.5, 0.7, 5, 2011, 'Vrbovec', 'Morava', 'Česká republika'),
(388, 'Rulandské modré, 2011, výběr z bobulí, polosuché, Gotberg, 0,75l', 26, 2, 6, 15, 15.3, 5.3, 2011, 'Popice', 'Morava', 'Česká republika'),
(389, 'Rulandské modré, 2011, výběr z hroznů, Syfany, 0,75l', 26, 2, 5, 14, 0.4, 5.1, 2011, 'Velké Pavlovice', 'Morava', 'Česká republika'),
(390, 'Rulandské modré, 2012, ledové víno, sladké, Maňák, 0,2l', 26, 2, 8, 10, 161.7, 8, 2012, 'Žádovice', 'Morava', 'Česká republika'),
(391, 'Rulandské modré, 2012, výběr z hroznů, suché, Ampelos, 0,75l', 26, 2, 5, 13, 0.9, 5.3, 2012, 'Vrbovec', 'Morava', 'Česká republika'),
(392, 'Rulandské modré, 2012, výběr z hroznů, suché, Krist, 0,75l', 26, 2, 5, 13, 7, 5.6, 2012, 'Strážnice', 'Morava', 'Česká republika'),
(393, 'Rulandské modré, 2012, Za Cihelnou, Traditional Line, pozdní sběr, suché, Mikrosvín, 0,75l', 26, 2, 4, 13, 0.5, 5.3, 2012, 'Mikulov', 'Morava', 'Česká republika'),
(394, 'Svatovavřinecké, 2009, jakostní, suché, Mádl, 0,75l', 27, 2, 2, 12.5, NULL, NULL, 2009, 'Moravská nová Ves', 'Morava', 'Česká republika'),
(395, 'Svatovavřinecké, 2009, pozdní sběr, suché, Valihrach, 0,75l', 27, 2, 4, 12.5, NULL, NULL, 2009, 'Krumvíř', 'Morava', 'Česká republika'),
(396, 'Svatovavřinecké, 2010, pozdní sběr, suché, Krist, 0,75l', 27, 2, 4, 12, 8, 8, 2010, 'Milotice', 'Morava', 'Česká republika'),
(397, 'Svatovavřinecké, 2011, Classic, pozdní sběr, suché, Rajhradské Klášterní, 0,75l', 27, 2, 4, 12, 0.4, 5.6, 2011, 'D.Kounice', 'Morava', 'Česká republika'),
(398, 'Svatovavřinecké, 2011, pozdní sběr, Collection Red, Pod Martinkou, 0,75l', 27, 2, 4, 12.5, NULL, NULL, 2011, 'Mikulov', 'Morava', 'Česká republika'),
(399, 'Zweigeltrebe barrigue, 2006, pozdní sběr, suché, Valihrach, 0,75l', 28, 2, 4, 13, NULL, NULL, 2011, 'Krumvíř', 'Morava', 'Česká republika'),
(400, 'Zweigeltrebe barrique, 2008, pozdní sběr, suché, Mádl, 0,75l', 28, 2, 4, 13, 0.1, 5.6, 2008, 'Velké Bílovice', 'Morava', 'Česká republika'),
(401, 'Zweigeltrebe Cépage, 2012, jakostní, Nové Vinařství, 0,75l', 28, 2, 2, 13.5, 0.5, 5.6, 2012, 'Těšetice', 'Morava', 'Česká republika'),
(402, 'Zweigeltrebe, 2009, pozdní sběr, suché, Valihrach, 0,75l', 28, 2, 4, 12.5, NULL, NULL, 2009, 'Krumvíř', 'Morava', 'Česká republika'),
(403, 'Zweigeltrebe, 2010, pozdní sběr, suché, Krist, 0,75l', 28, 2, 4, 12, 0.5, 9.3, 2010, 'Vacenovice', 'Morava', 'Česká republika'),
(404, 'Zweigeltrebe, 2010, pozdní sběr, Syfany, 0,75l', 28, 2, 4, 12.5, 0.4, 5.3, 2010, 'Vrbice', 'Morava', 'Česká republika'),
(405, 'Zweigeltrebe, 2011, Exclusive, pozdní sběr, suché, Rajhradské Klášterní, 0,75l', 28, 2, 4, 12, 0.3, 5.5, 2011, 'Dolní Kounice', 'Morava', 'Česká republika'),
(406, 'Zweigeltrebe, 2011, jakostní, suché, Mádl, 0,75l', 28, 2, 2, 12, NULL, NULL, 2011, 'Velké Bílovice', 'Morava', 'Česká republika'),
(407, 'Zweigeltrebe, 2011, pozdní sběr, Collection Red, Pod Martinkou, 0,75l', 28, 2, 4, 12.5, NULL, NULL, 2011, 'Mikulov', 'Morava', 'Česká republika'),
(408, 'Zweigeltrebe, 2012, pozdní sběr, suché, Spielberg, 0,75l', 28, 2, 4, 12.5, 0.9, 5.5, 2012, 'Žarošice', 'Morava', 'Česká republika'),
(409, 'André rosé, 2012, pozdní sběr, Syfany, 0,75l', 18, 3, 4, 12, 11.8, 7.3, 2012, 'Vrbice', 'Morava', 'Česká republika'),
(410, 'André rosé, 2013, kabinet, polosladké, Ampelos, 0,75l', 18, 3, 3, 10, 20.3, 7.8, 2013, 'Vrbovec', 'Morava', 'Česká republika'),
(411, 'André rosé, Exclusive, 2013, kabinetní, suché, Štěpánek, 0,75l', 18, 3, 3, 9.5, 7.7, 7.5, 2013, 'Mutěnice', 'Morava', 'Česká republika'),
(412, 'Cabernet moravia rosé, 2011, pozdní sběr, Žůrek, 0,75l', 19, 3, 4, 12, 6.7, 6.3, 2011, 'Ratíškovice', 'Morava', 'Česká republika'),
(413, 'Cabernet moravia rosé, 2013, Classic Range, jakostní, suché, Žůrek, 0,75l', 19, 3, 2, 12.5, 6.6, 5, 2013, 'Ratíškovice', 'Morava', 'Česká republika'),
(414, 'Cabernet moravia rosé, 2013, Colours, suché, Kořínek, 0,75l', 19, 3, 2, 11, 2.6, 7, 2013, 'Hnanice', 'Morava', 'Česká republika'),
(415, 'Cabernet moravia rosé, 2013, Perná-Levá klentnická, polosladké, Volařík, 0,75l', 19, 3, 4, 10.5, 26.3, 6, 2013, 'Perná', 'Morava', 'Česká republika'),
(416, 'Cabernet moravia rosé, 2013, pozdní sběr, polosuché, Maňák, 0,75l', 19, 3, 4, 11.5, 8.2, 6, 2013, 'Pavlov', 'Morava', 'Česká republika'),
(417, 'Cabernet sauvignon - Merlot rosé, 2013, kabinetní, suché, Ampelos, 0,75l', 20, 3, 3, 11.5, 8.9, 7.8, 2013, 'Vrbovec', 'Morava', 'Česká republika'),
(418, 'Cabernet sauvignon rosé Cépage, 2013, pozdní sběr, polosuché, Nové Vinařství, 0,75l', 20, 3, 4, 12, 11.4, 7.4, 2013, 'Nový Přerov', 'Morava', 'Česká republika'),
(419, 'Cabernet sauvignon rosé, 2011, výběr z hroznů, polosuché, Krist, 0,75l', 20, 3, 5, 11.5, 12, 5.7, 2011, 'Hovorany', 'Morava', 'Česká republika'),
(420, 'Cabernet sauvignon rosé, 2012, pozdní sběr, Bíza, 0,75l', 20, 3, 4, 12, 3.6, 5.9, 2012, 'Čejkovice', 'Morava', 'Česká republika'),
(421, 'Cabernet sauvignon rosé, 2012, výběr z hroznů, "Kristovy poklady", Krist, 0,75l', 20, 3, 5, 11, 32, 6, 2012, 'Kyjov', 'Morava', 'Česká republika'),
(422, 'Cabernet sauvignon rosé, 2013, Exclusive, pozdní sběr, suché, Štěpánek, 0,75l', 20, 3, 4, 10.5, 25.2, 7.2, 2013, 'Dolní Dunajovice', 'Morava', 'Česká republika'),
(423, 'Cabernet sauvignon rosé, 2013, Flower Line, pozdní sběr, polosuché, Mikrosvín, 0,75l', 20, 3, 4, 11.5, 11.4, 6.3, 2013, 'Perná', 'Morava', 'Česká republika'),
(424, 'Frankovka rosé 2012, pozdní sběr, Turold,  polosuché, Tanzberg, 0,75l', 22, 3, 4, 12, 8.5, 4.5, 2012, 'Mikulov', 'Morava', 'Česká republika'),
(425, 'Frankovka rosé, 2012, Exclusive, výběr z hroznů, sladké, Štěpánek, 0,75l', 22, 3, 5, 9, 58.2, 5.9, 2012, 'Mutěnice', 'Morava', 'Česká republika'),
(426, 'Frankovka rosé, 2012, kabinetní, Kořínek, 0,75l', 22, 3, 3, 11.5, NULL, NULL, 2012, 'Hnanice', 'Morava', 'Česká republika'),
(427, 'Frankovka rosé, 2012, pozdní sběr, Březí-Liščí vrch, Volařík, 0,75l', 22, 3, 4, 12.5, 11.2, 6.5, 2012, 'Březí', 'Morava', 'Česká republika'),
(428, 'Frankovka rosé, 2013, kabinet, suché, Kořínek, 0,75l', 22, 3, 3, 12, 8.5, 7.2, 2013, 'Hnanice', 'Morava', 'Česká republika'),
(429, 'Frankovka rosé, 2013, kabinet, suché, Mádl, 0,75l', 22, 3, 3, 11.5, NULL, NULL, 2013, 'Horní Bojanovice', 'Morava', 'Česká republika'),
(430, 'Frankovka rosé, 2013, kabinetní, Březí-Liščí vrch, polosuché, Volařík, 0,75l', 22, 3, 3, 11.5, 10.6, 5.1, 2013, 'Březí', 'Morava', 'Česká republika'),
(431, 'Frankovka rosé, 2013, pozdní sběr, Perná-Železná, polosladké, Volařík, 0,75l', 22, 3, 4, 12.5, 28.4, 7.3, 2013, 'Perná', 'Morava', 'Česká republika'),
(432, 'Frankovka rosé, 2013, pozdní sběr, polosladké, Vajbar, 0,75l', 22, 3, 4, 11.5, NULL, NULL, 2013, 'Zaječí', 'Morava', 'Česká republika'),
(433, 'Frankovka rosé, 2013, pozdní sběr, polosuché, Maňák, 0,75l', 22, 3, 4, 12, 10.3, 6.4, 2013, 'Novosedly', 'Morava', 'Česká republika'),
(434, 'Merlot rosé, 2012, pozdní sběr, suché, Gotberg, 0,75l', 23, 3, 4, 12.5, 7, 6.5, 2012, 'Popice', 'Morava', 'Česká republika'),
(435, 'Merlot rosé, 2013, pozdní sběr, Březí-Liščí vrch, polosladké, Volařík, 0,75l', 23, 3, 4, 11.5, 23.4, 6.8, 2013, 'Březí', 'Morava', 'Česká republika'),
(436, 'Merlot rosé, 2013, pozdní sběr, Lampelberg, suché, Hort, 0,75l', 23, 3, 4, 13, 5.3, 8, 2013, 'Micmanice', 'Morava', 'Česká republika'),
(437, 'Merlot rosé, 2013, pozdní sběr, polosuché, Hort, 0,75l', 23, 3, 4, 12, 10.6, 8.6, 2013, 'Drnholec', 'Morava', 'Česká republika'),
(438, 'Merlot rosé, 2013, výběr z hroznů, Pod Pálavou, polosladké, Tanzberg, 0,75l', 23, 3, 5, 12.5, 33.4, 7.2, 2013, 'Bavory', 'Morava', 'Česká republika'),
(439, 'Rulandské modré klaret, 2012, Exclusive, výběr z hroznů, sladké, Štěpánek, 0,5l', 26, 3, 5, 8.5, 66, 4.8, 2012, 'Josefov', 'Morava', 'Česká republika'),
(440, 'Rulandské modré klaret, 2013, Exclusive, pozdní sběr, suché, Štěpánek, 0,75l', 26, 3, 4, 11.5, 7.9, 6.8, 2013, 'Dolní Dunajovice', 'Morava', 'Česká republika'),
(441, 'Rulandské modré klaret, 2013, pozdní sběr, polosladké, Maňák, 0,75l', 26, 3, 4, 12.5, 12.7, 6.8, 2013, 'Hýsly', 'Morava', 'Česká republika'),
(442, 'Rulandské modré rosé Cépage, 2013, pozdní sběr, suché, Nové Vinařství, 0,75l', 26, 3, 4, 12, NULL, 7, 2013, 'Nový Přerov', 'Morava', 'Česká republika'),
(443, 'Rulandské modré rosé, 2012, výběr z hroznů, suché, Maňák, 0,75l', 26, 3, 5, 13.5, 5.9, 5.6, 2012, 'Strážnice', 'Morava', 'Česká republika'),
(444, 'Rulandské modré rosé, 2013, Extra Range, pozdní sběr, suché, Žůrek, 0,75l', 26, 3, 4, 12, 8.5, 6.8, 2013, 'Hrušovany nad Jeviškou', 'Morava', 'Česká republika'),
(445, 'Rulandské modré rosé, 2013, Flower Line, pozdní sběr, suché, Mikrosvín, 0,75l', 26, 3, 4, 12, 5.9, 6.9, 2013, 'Šanov', 'Morava', 'Česká republika'),
(446, 'Rulandské modré rosé, 2013, kabinet, polosuché, Krist, 0,75l', 26, 3, 3, 11.5, 14, 6, 2013, 'Milotice', 'Morava', 'Česká republika'),
(447, 'Rulandské modré white, 2011, výběr z bobulí, Collection Exclusive, Pod Martinkou, 0,5l', 26, 3, 6, 12, NULL, NULL, 2011, 'Mikulov', 'Morava', 'Česká republika'),
(448, 'Svatovavřinecké rosé Village, 2013, jakostní, polosuché, Nové vinařství, 0,75l', 27, 3, 2, 11, 11.1, 7.6, 2013, 'Drnholec', 'Morava', 'Česká republika'),
(449, 'Svatovavřinecké rosé, 2013, kabinet, polosladké, Lahofer, 0,75l', 27, 3, 3, 10, 22.4, 8, 2013, 'Hostěradice', 'Morava', 'Česká republika'),
(450, 'Svatovavřinecké rosé, 2013, kabinetní, suché, Ampelos, 0,75l', 27, 3, 3, 11, 8.4, 8.9, 2013, 'Vrbovec', 'Morava', 'Česká republika'),
(451, 'Svatovavřinecké rosé, 2013, pozdní sběr, polosladké, Spielberg, 0,75l', 27, 3, 4, 11, 15.7, 6.9, 2013, 'Žarošice', 'Morava', 'Česká republika'),
(452, 'Svatovavřinecké rosé, pozdní sběr, 2012, polosuché, Spielberg, 0,75l', 27, 3, 4, 12, 8.8, 5.9, 2012, 'Žarošice', 'Morava', 'Česká republika'),
(453, 'Zweigeltrebe rosé , 2012, Placious, Classic, pozdní sběr, polosuché, Rajhradské Klášterní, 0,75l', 28, 3, 4, 12, 9.1, 9.1, 2012, NULL, 'Morava', 'Česká republika'),
(454, 'Zweigeltrebe rosé, 2012, kabinet, Hort, 0,75l', 28, 3, 3, NULL, 8.4, 6.5, 2012, 'Vrbovec', 'Morava', 'Česká republika'),
(455, 'Zweigeltrebe rosé, 2012, pozdní sběr, polosladké, Maňák, 0,75l', 28, 3, 4, 12.5, 13.6, 5.7, 2012, 'Šardice', 'Morava', 'Česká republika'),
(456, 'Zweigeltrebe rosé, 2013, Colours, kabinet, suché, Kořínek, 0,75l', 28, 3, 3, 12, 11.5, 7.6, 2013, 'Hnanice', 'Morava', 'Česká republika'),
(457, 'Zweigeltrebe rosé, 2013, kabinet, polosuché, Ampelos, 0,75l', 28, 3, 3, 10.5, 10.6, 6.8, 2013, 'Vrbovec', 'Morava', 'Česká republika'),
(458, 'Zweigeltrebe rosé, 2013, kabinet, polosuché, Piálek & Jäger, 0,75l', 28, 3, 3, 12, 10.6, 6.8, 2013, 'Božice', 'Morava', 'Česká republika'),
(459, 'Zweigeltrebe rosé, 2013, pozdní sběr, suché, Spielberg, 0,75l', 28, 3, 4, 12, 3.1, 7.2, 2013, 'Žarošice', 'Morava', 'Česká republika');

/*!40101 SET CHARACTER_SET_CLIENT=@OLD_CHARACTER_SET_CLIENT */;
/*!40101 SET CHARACTER_SET_RESULTS=@OLD_CHARACTER_SET_RESULTS */;
/*!40101 SET COLLATION_CONNECTION=@OLD_COLLATION_CONNECTION */;
